Workbook

Sheet raw
A1: Item No. | B1: Section | C1: Issue | D1: MoSCoW | E1: Issue Type (None/Bug/Rework/Enhancement) by HAESL | F1: Comments | G1: Issue Raise Date | H1: Raised by | I1: Screen Capture | J1: Issue Type (None/Bug/Rework/Enhancement) by RR | K1: Priority Classification (by RR) | L1: User Story No (by RR) | M1: Comments (by RR) | N1: Change Request Accepted by HAESL(For Enhancements Only) | O1: HAESL Comments | P1: Comment date, Commented by | Q1: Closed/Fixed/Not yet fix
A2: 1 | B2: Admin - Task Owner Setting | C2: System | D2: Must | E2: Bug | F2: Duplicate User show in the list when click "MR" | G2: 46097 | H2: Ray | I2: Refer to Screen Capture | J2: Bug | K2: P4 | M2: Suspecting this can be observed when two users performing same operation at atime. Not able to reproduce it in dev by single user | O2: Low, no issue now | Q2: Fixed
A3: 2 | B3: Admin - Template Management | C3: UI | D3: Must | E3: Bug | F3: Please remove "Hospital", "Check & Repair", "1st Refurbishment", "2nd Refurbishment", "Mature Refurbishment" from the dropdown list. | G3: 46097 | H3: Ray | I3: Refer to Screen Capture | J3: Bug | K3: P4 | M3: Entries to be removed | O3: Low, no issue now | Q3: Fixed
F4: Add "OH" in the list
A5: 3 | B5: Admin - Gate Setting | C5: System | D5: Must | E5: Bug | F5: Unable to show gate "1A" after create. | G5: 46097 | H5: Ray | I5: Refer to Screen Capture | J5: Bug | K5: P4 | M5: Suspecting this can be observed when two users performing same operation at atime. Not able to reproduce it in dev by single user | O5: Low, no issue now | Q5: Fixed
A6: 4 | B6: Notification | C6: System | D6: Must | E6: Bug | F6: Unable to clear notifcations from notifcation list. After clicking the "X", the same notifcation will pop up again later, all the notifications become accumulate as a huge list. | G6: 46097 | H6: Ray | I6: Refer to Screen Capture | J6: None | M6: Not able to reproduce in dev | O6: Low, but the counter of msg delayed | Q6: Fixed
A7: 5 | B7: Planner - Create Streamer | C7: System | D7: Must | E7: Bug | F7: Induction date cannot be backdated. | G7: 46097 | H7: Ricky | I7: Refer to Screen Capture | J7: Bug | K7: P2 | M7: Fixed | O7: Medium, not fixed | Q7: Unstable Fix
A8: 6 | B8: Planner - Create Streamer | C8: System | D8: Must | E8: Bug | F8: Dispatch Module S/N cannot be updated. | G8: 46097 | H8: Ricky | I8: Refer to Screen Capture | J8: None | M8: As per requirement | O8: Medium | Q8: Fixed
A9: 7 | B9: Planner - Task | C9: UI | D9: Should | E9: Bug | F9: The table cells borders is not align | G9: 46098 | H9: Ray | I9: Refer to Screen Capture | J9: Bug | K9: P4 | M9: Working with Syncfusion on it | O9: Low, not yet fixed | Q9: Not yet fix
A10: 8 | B10: Planner - Task | C10: System | D10: Must | E10: Bug | F10: Showing unexpected date range after filter | G10: 46098 | H10: Ray | I10: Refer to Screen Capture | J10: None | O10: High, function disappeared | Q10: Not yet fix
A11: 9 | B11: Planner - Task | C11: System | D11: Must | E11: Rework | F11: Missing implement of Post UAT item U08 | G11: 46098 | H11: Ray | I11: Refer to Screen Capture | J11: None | O11: Removed | Q11: Closed
A12: 10 | B12: Planner - Create Streamer / Edit Streamer | C12: System | D12: Must | E12: None | F12: Inconsistency of value "Retain", if the row added by user, system shows "Retain", if the row is recongnise by PDF, system show "RETAIN". Please update all to capital letter. | G12: 46098 | H12: Ray | I12: Refer to Screen Capture | J12: Bug | K12: P4 | M12: Fixed | O12: Low | Q12: Fixed
A13: 11 | B13: Engine Type List | C13: UI | D13: Should | E13: None | F13: Sort the engine type list in alphabetical sequence | G13: 46098 | H13: Ray | I13: Refer to Screen Capture | J13: Enhancement | M13: Not a bug, to be addressed as new request | O13: Low, fixed | Q13: Fixed
A14: 12 | B14: Admin - Template Create - Task Selection | C14: System | D14: Must | E14: None | F14: For Module Level tasks (Items 5, 9, 15, 32, 33, and 39), updating the top‑level item should also update the sub‑tasks automatically. | G14: 46098 | H14: Edmond | I14: Refer to Screen Capture | J14: None | M14: No action | O14: High, operational risk | Q14: Fixed
A15: 13 | B15: Planner - Tasks | C15: System | D15: Must | E15: Bug | F15: Update Task 4 Finish Date: | G15: 46097 | H15: Ricky | I15: Refer to Screen Capture | J15: None | M15: Dev to reproduce issue | O15: Low, fixed | Q15: Fixed
F16: 1. 41500 was created on 17 Mar 2026, and Task 4 actual completion date is 17 Mar 2026; however, it is currently showing as 16 Mar 2026.
F17: 2. Unable to select “Cancel for Approval.”
A18: 14 | B18: Planner - Tasks | C18: System | D18: Must | E18: Bug | F18: Update Task 4 Finish Date: | G18: 46097 | H18: Ricky | I18: Refer to Screen Capture | J18: None | M18: Dev to reproduce issue | O18: high, operational risk | Q18: Not yet fix
F19: Job 21231 was completed on 17 May 2026. The completion date was entered as 16 Mar 2026; however, it is not reflected under “Actual Completion.”
F20: 2. Unable to select “Cancel for Approval.”
A21: 15 | B21: Notification - Line Manager | C21: System | D21: Must | E21: Bug | F21: No items in the line manager notification list even there are few items are pending approval | G21: 46098 | H21: Ray | I21: Refer to Screen Capture | J21: Bug | K21: P3 | M21: Notifications seems to disappear in View All screen | O21: high, bug | Q21: Not yet fix
A22: 16 | B22: Input Type | C22: UI | D22: Should | E22: None | F22: Please update the default value to "Engine", currently is "Others". HAESL major business is "Engine". | G22: 46098 | H22: Ray | I22: N/A | J22: Enhancement | M22: Changes to be done | O22: Low, fixed | Q22: Fixed
A23: 17 | B23: System | C23: System | D23: Must | E23: Bug | F23: Unstable of system access, frequently time out/no response when access the system main page, active streamer page | G23: 46098 | H23: Ray | I23: Refer to Screen Capture | J23: Bug | K23: P4 | M23: Need more details from HAESL on timeout duration and to be verified against NFR | O23: high, operational risk | Q23: Not yet fix
A24: 18 | B24: System | C24: System | D24: Should | E24: None | F24: Please remove the "Overview" button if nothing was developed under this page | G24: 46098 | H24: Ray | I24: Refer to Screen Capture | J24: Enhancement | M24: To be removed | O24: Low, fixed | Q24: Fixed
A25: 19 | B25: Admin - Template Management | C25: System | D25: Must | E25: Bug | F25: When two users edit the same template and press save, system will create two templates with the same name. If we delete either one of them, both of the template will be deleted. Could the system lock the template if it is being edit to solve this problem? | G25: 46098 | H25: Edmond | I25: Refer to Screen Capture | J25: Bug | K25: P4 | M25: Needs to be addressed | O25: high, bug | Q25: Not yet fix
F26: Co-edit issue
A27: 20 | B27: Notification | C27: System | D27: Must | E27: Bug | F27: The hour counting is incorrect | G27: 46098 | H27: Ray | I27: Refer to Screen Capture | J27: Bug | K27: P4 | M27: Needs to be addressed | O27: Low | Q27: Fixed
A28: 21 | B28: Planner - Create Streamer | C28: System | D28: Must | E28: Bug | F28: When create streamer, module level task was unexpected disabled. | G28: 46098 | H28: Ray | I28: Refer to Screen Capture | J28: Bug | K28: P4 | M28: Need additional information | O28: Closed | Q28: Closed
A29: 22 | B29: Admin - Gate Setting, Module Setting & Task Setting | C29: System | D29: Must | E29: Bug | F29: The gate setting or module setting change, the template won't have any update. e.g. I delete the Gate 1B, but the Gate 1B still in the template. All the setting should be synchronize. | G29: 46098 | H29: Ray | I29: Refer to Screen Capture | J29: None | M29: As per requirement | O29: High | Q29: Fixed
A30: 23 | B30: Tasks | C30: System | D30: Must | E30: Bug | F30: Unexpected error after input ACD for the task and press save. | G30: 46098 | H30: Ray | I30: Refer to Screen Capture | J30: Bug | K30: P4 | M30: Unable to produce bug, Additional information needed | O30: high, fixed | Q30: Fixed
A31: 24 | B31: Notification - Line Manager | C31: System | D31: Must | E31: Bug | F31: When I click Accept on an approval task, the approvals list does not refresh immediately to remove the task card. I have to close and reopen the list to see the update. In addition, the task continues to display “Pending for approval”. | G31: 46098 | H31: Ray | I31: Refer to Screen Capture | J31: Bug | K31: P3 | M31: Needs to be addressed | O31: medium, operational risk | Q31: Fixed
A32: 25 | B32: Tasks | C32: System | D32: Must | E32: Bug | F32: Unable to cancel for approval when click "Cancel for Approval" button | G32: 46098 | H32: Ray | I32: Refer to Screen Capture | J32: None | O32: High | Q32: Not yet fix
A33: 26 | B33: Tasks | C33: System | D33: Must | E33: Bug | F33: After enter a late PCD, the reason for delay list is nothing inside | G33: 46098 | H33: Ray | I33: Refer to Screen Capture | J33: Bug | K33: P3 | M33: Fixed | O33: High, bug | Q33: Fixed
A34: 27 | B34: Tasks - Task Owner Filter | C34: System | D34: Must | E34: Bug | F34: The Task Owner drop-down list is not syncing with the latest Task Owner settings in Admin. Please update the list items and sort them in alphabetical order. | G34: 46099 | H34: Ray | I34: Refer to Screen Capture | J34: Bug | K34: P4 | M34: Needs to be synced | O34: Medium, bug | Q34: Fixed
A35: 28 | B35: Streamer - Module Level Task | C35: System | D35: Should | E35: None | F35: The sequence of module level task should follow the module sequence in admin setting | G35: 46099 | H35: Ray | I35: Refer to Screen Capture | J35: Enhancement | M35: To be changed as mentioned | O35: Medium, performance issues | Q35: Fixed
A36: 29 | B36: Tasks - Task Owner Filter | C36: System | D36: Must | E36: Bug | F36: Duplicate selection items found. | G36: 46099 | H36: Ray | I36: Refer to Screen Capture | J36: Bug | K36: P4 | M36: Needs to be addressed | O36: medium, fixed | Q36: Fixed
A37: 30 | B37: Tasks | C37: System | D37: Must | E37: Bug | F37: Planner / Task Owner should not able to disable a task when the task already completed. (L02) | G37: 46099 | H37: Ray | I37: Refer to Screen Capture | J37: None | M37: Changes as per L02 | O37: medium, fixed | Q37: Fixed
A38: 31 | B38: Tasks - Approval Process | C38: System | D38: Must | E38: Bug | F38: The list of pending approval tasks do not align with the actual pending approval task | G38: 46099 | H38: Ray | I38: Refer to Screen Capture | J38: Bug | K38: P4 | M38: Needs to be addressed | O38: High, bug | Q38: Fixed
B39: Notification - Approval
A40: 32 | B40: Admin - Task Selection update | C40: System | D40: Must | E40: Bug | F40: When user update column Start Day and Duration value, system will auto selected the row, it is not what we expect. | G40: 46099 | H40: Ricky | I40: Refer to Screen Capture | J40: Bug | K40: P4 | M40: As per email with Ray, auto selection to be removed | O40: medium, operational risk | Q40: Fixed
A41: 33 | B41: Admin - Task Selection update | C41: System | D41: Must | E41: Bug | F41: When user update module level task Start Day and Duration value and save, the value remain the past value in the edit page, but with the update value in the preview page. | G41: 46099 | H41: Ricky | I41: Refer to Screen Capture | J41: Bug | K41: P4 | M41: As per email with Ray, Save should reflect change in the same page | O41: medium, bug | Q41: Fixed
A42: 34 | B42: Admin - Task Selection update | C42: System | D42: Must | E42: None | G42: 46099 | H42: Ricky | I42: N/A | J42: Bug | K42: P4 | M42: Working as per requirement, module level tasks to be updated manually | O42: Removed | Q42: Closed
A43: 35 | B43: Streamer - Induction update | C43: System | D43: Must | E43: Bug | F43: On the streamer page, the induction date shows 19 Mar, which does not match the edit page showing 12 Mar. | G43: 46099 | H43: Edmond | I43: Refer to Screen Capture | J43: Bug | K43: P4 | M43: Needs to be addressed | O43: high, fixed | Q43: Fixed
A44: 36 | B44: Planner - Create Streamer / Edit Streamer | C44: System | D44: Must | E44: None | F44: 1.If I press the selection box for module 31 and then press the selection box for module 32, the selection boxes for M31 & M32 will keep showing up | G44: 46099 | H44: Ming | I44: Refer to Screen Capture | J44: Enhancement | M44: All modules to be shown as per screenshot, @Ray to confirm the change | O44: medium, fixed | Q44: Fixed
F45: 2. Selection box is too small, need to waste time to find the choice, if i click the selection box it can show all options, that will be better.
A46: 37 | B46: Admin - Template Edit | C46: UI | D46: Must | E46: rework | F46: Header of Task Selection (Step 2) is hidden and the header text NOT be fit into width of columns | G46: 46099 | H46: Chris | J46: Bug | K46: P4 | M46: Needs more details | O46: medium, performance issue | Q46: Not yet fix
A47: 38 | B47: Admin - Template Edit / | C47: UI | D47: Must | E47: rework | F47: Content and header is not aligned | G47: 46099 | H47: Chris | J47: Bug | K47: P4 | M47: Known issue, Raised with Syncfusion and is pending fix | O47: Low, not yet fixed | Q47: Not yet fix
B48: Planner - Tasks | F48: Duplicated, Refer to #7
A49: 39 | B49: Planner - Menu Side Bar | C49: UI | D49: Must | E49: Bug | F49: The label by the hover effect on the menu button is blocked for the button navigation | G49: 46099 | H49: Chris | J49: Bug | K49: P4 | M49: Move the hover text to the side | O49: low, fixed | Q49: Fixed
A50: 40 | B50: Planner - Tasks | C50: UI | D50: Must | E50: Bug | F50: The horizontal scroll-bar is hidden on the bottom | G50: 46099 | H50: Chris | J50: Bug | K50: P4 | M50: Always show scroll bar | O50: medium, operational risk | Q50: Not yet fix
A51: 41 | B51: Admin - Template Edit / | C51: System | D51: Must | E51: Bug | F51: All the fields setting in template should not change even any change happened in the task management. But now when the user go to the edit streamer page, latest task setting will auto update the setting in template edit page. | G51: 46099 | H51: Edmond | I51: Refer to Screen Capture | J51: None | M51: As per requirement, BRD 4.2.9 | O51: High | Q51: Fixed
B52: Planner - Tasks
M53: 9. Any changes(updating and deleting) in the Tasks management will NOT affect in Templates
A54: 42 | B54: Planner -> Streamer -> Active Steamers | C54: System | D54: Must | E54: Rework | F54: Cost / DIW covers Tasks 1 to 15 only. As the inspection date is 07 Mar 2026, | G54: 46100 | H54: Ricky | I54: Refer to Screen Capture | O54: Removed | Q54: Closed
F55: please confirm that the end date should be 07 Mar 2026 rather than 01 Apr 2026.
A56: 43 | B56: Planner -> Streamer -> Active Steamers | C56: System | D56: Must | E56: Bug | F56: The Actual Completion Date was completed on 07 Mar 2026, but it is not reflected in the system.(Fxied) | G56: 46100 | H56: Ricky | I56: Refer to Screen Capture | J56: Bug | K56: P3 | O56: medium, operational risk | Q56: Not yet fix
F57: Task disable/enable without any confirmation (User need to click save to make changes)
A58: 44 | B58: Planner -> Streamer -> Active Steamers | C58: System | D58: Must | E58: Bug | F58: 1. I entered the induction date as 03 Mar 2026; however, it is displaying as 23 Feb 2026. Please advise if incorrect data was entered. | G58: 46100 | H58: Ricky | I58: Refer to Screen Capture | J58: Bug | K58: P3 | O58: high. Fixed | Q58: Fixed
F60: 2. The induction date cannot be amended to 03 Mar 2026.
A61: 45 | B61: Planner -> Streamer -> Create Streamer | C61: System | D61: Must | E61: Bug | F61: Module Set → Sales Order: | G61: 46100 | H61: Ricky | I61: Refer to Screen Capture | O61: Removed | Q61: Closed
F62: Unable to display multiple Sales Orders (S/Os).
F65: Please confirm whether “Trent 1000” is represented as “Trent 100 TEN” in the workscope.
A66: 46 | B66: Planner -> Streamer -> Create Streamer | C66: System | D66: Must | E66: Bug | F66: Why can duplicate Sales Orders (S/Os) be displayed? | G66: 46100 | H66: Ricky | I66: Refer to Screen Capture | O66: Removed | Q66: Closed
A67: 47 | B67: Planner -> Streamer -> Create Streamer | C67: System | D67: Must | E67: Bug | F67: Issue: When creating Module M33 only, the system still displays other modules in the result/list view. | G67: 46100 | H67: Ricky | I67: Refer to Screen Capture | O67: Removed | Q67: Closed
F68: Note: A valid template is in use; therefore, this issue is unlikely to be template‑related.
A69: 48 | B69: Active Streamer > Edit Streamer | C69: System | D69: Must | E69: Bug | F69: Module still in the streamer after remove it in the edit mode and save if the module already removed in the admin setting. | G69: 46100 | H69: Ray | I69: N/A | J69: Bug | K69: P3 | M69: Not clear, please provide steps and additional details | O69: Removed | Q69: Closed
M70: @Ray
A71: 49 | B71: Template Management - Edit Template | C71: System | D71: Must | E71: Bug | F71: the template edit page allow double click the fields(Task owner, Start Day, Duration) to access the target fields to do modification, but it is not working. The modification only happen the user update the fields by click the "Edit" Pencil button | G71: 46100 | H71: Ray | I71: N/A | J71: Bug | K71: P4 | O71: Medium | Q71: Fixed
A72: 50 | B72: Planner -> Streamer -> Amend Streamer | C72: System | D72: Should | E72: Rework | F72: When existing engine streamer module work level change and load a new template or not, all the existing tasks data should be keep. | G72: 46100 | H72: Ricky | I72: Refer to Screen Capture | J72: None | M72: Not clear, need understanding @Ray | O72: high, operational risk | Q72: Not yet fix
A73: 51 | B73: Planner > Tasks Edit | C73: System | D73: Must | E73: Bug | F73: Once I input non-date on the Acutal Completion Date, PCD is changed unexpected. Please validate if the ACD input is a number | G73: 46100 | H73: Chris | J73: Bug | K73: P4 | M73: To be checked | O73: high, fixed | Q73: Fixed
A74: 52 | B74: Planner > Streamers | C74: System | D74: Should | E74: Rework | F74: the user just want to cancel one of the filter fields but only one button to "Clear All" | G74: 46100 | H74: Chris | J74: Enhancement | M74: Currently as per requirement, Please details if any modification required | O74: low, performance issue | Q74: Not yet fix
A75: 53 | B75: Edit Streamer | C75: System | D75: Must | E75: Bug | F75: Engine/Module Set multiple sales order for each module, when user edit the streamer all sales order in module become the same sales order | G75: 46100 | H75: Ray | I75: Refer to Screen Capture | J75: Bug | K75: P3 | M75: Fixed | O75: high, fixed | Q75: Fixed
A76: 54 | B76: Planner > Streamers | C76: System | D76: Must | E76: Rework | F76: Inconsistent positions on the TRT indication even it can be blocked by the icon | G76: 46100 | H76: Chris | J76: Bug | K76: P3 | M76: To be fixed | O76: low, display issue | Q76: Not yet fix
A77: 55 | B77: Planner > Streamers | C77: System | D77: Must | E77: Bug | F77: All tasks have the Actual Completion Date entered as 19 Mar 2026, but the system displays 18 Mar 2026. | G77: 46100 | H77: Ricky | I77: Refer item 56 to Screen Capture | J77: None | M77: Please provide Streamer details. @Ray, @Ricky | O77: High | Q77: Fixed
A78: 56 | B78: Planner > Streamers | C78: System | D78: Should | E78: Rework | F78: The top‑level task has been completed; please proceed to complete the sub‑tasks. Engine Level Task update PCD, all module level task will update too (not included the swap module task) | G78: 46100 | H78: Ricky | I78: Refer to Screen Capture | O78: High | Q78: Not yet fix
A79: 57 | B79: Planner > Streamers | C79: System | D79: Must | E79: Bug | F79: For Engine 26121: | G79: 46100 | H79: Ricky | I79: Refer to Screen Capture | O79: Removed | Q79: Closed
F81: Task 6 – Components Receipt at Vendor
F82: The task Finish Date is 25 Mar 2026; however, the Actual Completion Date was updated to 18 Mar 2026 due to early completion.
F84: Task 7 – Parent Task (Components Sentencing)
F85: The Finish Date remains 01 Apr 2026 and was not automatically revised to 25 Mar 2026, despite Task 6 being completed earlier.
A86: 58 | B86: Admin - Template Management | C86: Gantt View | D86: Should | E86: Rework | F86: Vertical Scroll Bar is visible all the time but not the horizontal one. Ensure the Horizontal Scroll Bar is visible all the time. | G86: 46101 | H86: Eugene | I86: Refer to Screen Capture | J86: Enhancement | M86: To be done | O86: medium, performance issue | Q86: Not yet fix
A87: 59 | B87: Admin - Template Management | C87: Gantt View | D87: Should | E87: Rework | F87: The Arrow Line and the Wording of Task Description should not be overlapped | G87: 46101 | H87: Eugene | I87: Refer to Screen Capture | J87: Bug | M87: To be done | O87: medium, performance issue | Q87: Not yet fix
A88: 60 | B88: Admin - Template Management | C88: Gantt View | D88: Should | E88: Rework | F88: Put a space before and after hypen (-) | G88: 46101 | H88: Eugene | I88: Refer to Screen Capture | J88: Enhancement | M88: To be done | O88: medium, performance issue | Q88: Not yet fix
A89: 61 | B89: Planner -> Streamer -> Create Streamer | C89: System | D89: Must | E89: Bug | F89: The dispatched Module S/N cannot be changed at the first input. | G89: 46105 | H89: Ricky | I89: Refer to Screen Capture | J89: None | M89: Not clear understanding, please provide details @Ricky | O89: Removed | Q89: Closed
F90: Resolved: Click swap module button and click the Set as Default
A91: 62 | B91: Admin - Template Management | C91: Gantt View | D91: Should | E91: Rework | F91: Since this is the template's grantt view, the display's start date and end date should be showing number instead of calendar date | G91: 46105 | H91: Eugene | I91: Refer to Screen Capture | J91: Bug | M91: To be corrected | O91: Low | Q91: Fixed
A92: 63 | B92: Planner -> Streamer -> | C92: System | D92: Must | E92: Bug | F92: Tasks may be completed earlier than anticipated. Attempted to select today's date (25/03/2026), Project Completion Date cell does not allow for dates earlier than 03/04/2026. Why cannot earlier. | G92: 46105 | H92: Ricky | I92: Refer to Screen Capture | J92: Bug | M92: To be fixed | O92: High | Q92: Not yet fix
F93: Ray: The date selection in calendar in both PCD and ACD is not consistent, sometimes could input today -7, sometimes could input today -14.
A94: 64 | B94: Notification | C94: System | D94: Must | E94: Bug | F94: When there are no pending approval tasks, the approval notification icon displays system update logs. We expect the system to display nothing when there are no approval items for Approval Icon. | G94: 46108 | H94: Ray | I94: Refer to Screen Capture | J94: Bug | O94: medium, operational risk | Q94: Fixed
A95: 65 | B95: Task Update | C95: System | D95: Must | E95: Bug | F95: Parent Child Relationship do not cover all current practises | G95: 46108 | H95: Eugene | I95: N/A | J95: Bug | K95: P4 | M95: To be verified | O95: High, bug | Q95: Not yet fix
F96: 1. WHEN Parent PCD + 2 days, THEN Child PCD + 2 days - Success
F97: 2. WHEN Parent PCD - 2 days, THEN Child PCD - 2 days - Failure
F98: 3. WHEN Parent ACD + 2 days, THEN Child PCD + 2 days - Failure
F99: 4. WHEN Parent ACD - 2 days, THEN Child PCD - 2 days - Failure
A100: 66 | B100: Test Plan | C100: System | D100: Must | E100: Bug | F100: Fail to upload test plan. When click the preview button, system error prompt | G100: 46113 | H100: Ray | I100: Refer to Screen Capture | J100: Bug | K100: P3 | O100: High, bug | Q100: Not yet fix
A101: 67 | B101: Task Update | C101: System | D101: Must | E101: Bug | F101: Text in the "Comments" disappeared after save | G101: 46113 | H101: Ray | I101: Refer to Screen Capture | J101: Bug | K101: P4 | O101: High, bug | Q101: Not yet fix
A102: 68 | B102: Task Update | C102: System | D102: Must | E102: Bug | F102: what is the max length of reject reason? System error when the reason is a long text | G102: 46113 | H102: Ray | I102: N/A | J102: Bug | K102: P4 | O102: medium, operational risk | Q102: Not yet fix
A103: 69 | B103: Notification - Approval | C103: System | D103: Must | E103: Bug | F103: In the view all page, Line manager section. Expected Completion Date means Projected Completion Date? if yes, please update. And please add the column of "Actual Completion Date" in this table too. | G103: 46113 | H103: Ray | I103: Refer to Screen Capture | J103: Enhancement | O103: low, display issue
A104: 70 | B104: Admin -> Streamer settings -> Task Owner Settings | C104: System | D104: Must | E104: Bug | F104: Task Owner setting cannot be saved for more than two users. | G104: 46057 | H104: Ricky | I104: Refer to Screen Capture | J104: Bug | K104: P1 | M104: Fixed | O104: medium, fixed
F105: E.g. add user to line manager or user, unable to click the "Save" button
...

Sheet classifications
A1: Category | B1: Desciption | C1: Appearance
A2: Swap Module | B2: it is related to the off-module list to interact with the active streamer. In practice terms, the module can be selected from the off-module list to swap into the existing engine streamer on the Streamer Section as a planner role. | C2: =COUNTIF(wiki!R:R,classifications!A2) -> 7
A3: Task Owner View | B3: it is all about tasks allocated from the streamer and give the task owner to control their own tasks on the calendar view on task section. They can change the projected completion date (PCD), input actual completion date (ACD) with delayed reasons if any as well as request and approve the request if any trigger is needed. | C3: =COUNTIF(wiki!R:R,classifications!A3) -> 5
A4: Notification | B4: On Notification, there are two area for notifying the task owners. Firstly, it is general message notfiication from the task actions like changing the task date from different planner or task owners. Another notification type is to notify the line manager as a supper task owner to accept or reject the approval requests from the staff under the same department group. | C4: =COUNTIF(wiki!R:R,classifications!A4) -> 25
A5: DIW/Cost Review | B5: In specific streamer arrangement, the template with the label of DIW/Cost Review can be selected. Once the status of the active streamer is under the status of DIW/Cost Review, the planner would release the investigation or quotation after all tasks are completed in the first induction. Therefore, the planner is able to re-input the second induction information later on. | C5: =COUNTIF(wiki!R:R,classifications!A5) -> 4

Sheet calc
A1: Category | B1: Critical Priority | C1: Appearance
A2: Swap Module | B2: Low | C2: 2
B3: Medium | C3: 2
B4: High | C4: 2
A5: Task Owner View | B5: Low | C5: 1
B6: Medium | C6: 3
B7: High | C7: 1
A8: Notification | B8: Low | C8: 5
B9: Medium | C9: 11
B10: High | C10: 9
A11: DIW/Cost Review | B11: Low | C11: 0
B12: Medium | C12: 1
B13: High | C13: 2
C14: =SUM(C2:C13) -> 39

Sheet wiki
A1: Item No. | B1: Section | C1: Issue | D1: MoSCoW | E1: Issue Type (None/Bug/Rework/Enhancement) by HAESL | F1: Comments (Consolidated) | G1: Issue Raise Date | H1: Raised by | I1: Screen Capture | J1: Issue Type (None/Bug/Rework/Enhancement) by RR | K1: Priority Classification (by RR) | L1: User Story No (by RR) | M1: Comments (by RR) (Consolidated) | N1: Change Request Accepted by HAESL(For Enhancements Only) | O1: HAESL Comments (Consolidated) | P1: Comment date, Commented by | Q1: Closed/Fixed/Not yet fix | R1: Category | S1: Classification Hint | T1: Critical Priority
A2: =raw!A54 -> 42 | B2: =raw!B54 -> Planner -> Streamer -> Active Steamers | C2: =raw!C54 -> System | D2: =raw!D54 -> Must | E2: =raw!E54 -> Rework | F2: =_xlfn.TEXTJOIN(CHAR(10),TRUE,raw!F54:F55) -> Cost / DIW covers Tasks 1 to 15 only. As the inspection date is 07 Mar 2026, please confirm that the end date should be 07 Mar 2026 rather than 01 Apr 2026. | G2: =raw!G54 -> 46100 | H2: =raw!H54 -> Ricky | I2: =raw!I54 -> Refer to Screen Capture | J2: =raw!J54 -> 0 | K2: =raw!K54 -> 0 | L2: =raw!L54 -> 0 | M2: =_xlfn.TEXTJOIN(CHAR(10),TRUE,raw!M54:M55) | N2: =raw!N54 -> 0 | O2: =_xlfn.TEXTJOIN(CHAR(10),TRUE,raw!O54:O55) -> Removed | P2: =raw!P54 -> 0 | Q2: =raw!Q54 -> Closed | R2: {=_xlfn.LET(_xlpm.txt,LOWER(B2&" "&C2&" "&F2&" "&M2&" "&O2),_xlfn.IFS(OR(IFERROR(SEARCH("diw",_xlpm.txt),0)>0,IFERROR(SEARCH("cost review",_xlpm.txt),0)>0,IFERROR(SEARCH("re-induction",_xlpm.txt),0)>0,IFERROR(SEARCH("second induction",_xlpm.txt),0)>0,IFERROR(SEARCH("quotation",_xlpm.txt),0)>0),"DIW/Cost Review",OR(IFERROR(SEARCH("swap",_xlpm.txt),0)>0,IFERROR(SEARCH("off-module",_xlpm.txt),0)>0,IFERROR(SEARCH("off module",_xlpm.txt),0)>0,IFERROR(SEARCH("dispatch module",_xlpm.txt),0)>0),"Swap Module",OR(IFERROR(SEARCH("notif",_xlpm.txt),0)>0,IFERROR(SEARCH("line manager",_xlpm.txt),0)>0,IFERROR(SEARCH("reject reason",_xlpm.txt),0)>0,IFERROR(SEARCH("approval",_xlpm.txt),0)>0,IFERROR(SEARCH("approve",_xlpm.txt),0)>0),"Notification",IFERROR(SEARCH("calendar",_xlpm.txt),0)>0,"Task Owner View",OR(IFERROR(SEARCH("task owner",_xlpm.txt),0)>0,IFERROR(SEARCH("pcd",_xlpm.txt),0)>0,IFERROR(SEARCH("acd",_xlpm.txt),0)>0,IFERROR(SEARCH("actual completion",_xlpm.txt),0)>0,IFERROR(SEARCH("delay",_xlpm.txt),0)>0,IFERROR(SEARCH("task ",_xlpm.txt),0)>0,IFERROR(SEARCH("tasks",_xlpm.txt),0)>0),"Task Owner Action",TRUE,"Other / General"))} -> DIW/Cost Review | S2: {=_xlfn.LET(_xlpm.txt,LOWER(B2&" "&C2&" "&F2&" "&M2&" "&O2),_xlfn.IFS(IFERROR(SEARCH("diw",_xlpm.txt),0)>0,"diw",IFERROR(SEARCH("cost review",_xlpm.txt),0)>0,"cost review",IFERROR(SEARCH("re-induction",_xlpm.txt),0)>0,"re-induction",IFERROR(SEARCH("second induction",_xlpm.txt),0)>0,"second induction",IFERROR(SEARCH("quotation",_xlpm.txt),0)>0,"quotation",IFERROR(SEARCH("swap",_xlpm.txt),0)>0,"swap",IFERROR(SEARCH("off-module",_xlpm.txt),0)>0,"off-module",IFERROR(SEARCH("off module",_xlpm.txt),0)>0,"off module",IFERROR(SEARCH("dispatch module",_xlpm.txt),0)>0,"dispatch module",IFERROR(SEARCH("notif",_xlpm.txt),0)>0,"notification",IFERROR(SEARCH("line manager",_xlpm.txt),0)>0,"line manager",IFERROR(SEARCH("reject reason",_xlpm.txt),0)>0,"reject reason",IFERROR(SEARCH("approval",_xlpm.txt),0)>0,"approval",IFERROR(SEARCH("approve",_xlpm.txt),0)>0,"approve",IFERROR(SEARCH("calendar",_xlpm.txt),0)>0,"calendar",IFERROR(SEARCH("task owner",_xlpm.txt),0)>0,"task owner",IFERROR(SEARCH("pcd",_xlpm.txt),0)>0,"PCD",IFERROR(SEARCH("acd",_xlpm.txt),0)>0,"ACD",IFERROR(SEARCH("actual completion",_xlpm.txt),0)>0,"actual completion",IFERROR(SEARCH("delay",_xlpm.txt),0)>0,"delay",IFERROR(SEARCH("task ",_xlpm.txt),0)>0,"task",IFERROR(SEARCH("tasks",_xlpm.txt),0)>0,"tasks",TRUE,"(no match)"))} -> diw | T2: Removed
A3: =raw!A116 -> 80 | B3: =raw!B116 -> Streamer | C3: =raw!C116 -> System | D3: =raw!D116 -> Must | E3: =raw!E116 -> Bug | F3: =raw!F116 -> F08. “Edit Streamer” button FAIL, when reload a template, all previous template COMPLETED tasks data should be fill in to the NEW template | G3: =raw!G116 -> 46114 | H3: =raw!H116 -> Praveen on Ray's Behalf | ... Q3: =raw!Q116 -> 0 | R3: {=_xlfn.LET(_xlpm.txt,LOWER(B3&" "&C3&" "&F3&" "&M3&" "&O3),_xlfn.IFS(OR(IFERROR(SEARCH("diw",_xlpm.txt),0)>0,IFERROR(SEARCH("cost review",_xlpm.txt),0)>0,IFERROR(SEARCH("re-induction",_xlpm.txt),0)>0,IFERROR(SEARCH("second induction",_xlpm.txt),0)>0,IFERROR(SEARCH("quotation",_xlpm.txt),0)>0),"DIW/Cost Review",OR(IFERROR(SEARCH("swap",_xlpm.txt),0)>0,IFERROR(SEARCH("off-module",_xlpm.txt),0)>0,IFERROR(SEARCH("off module",_xlpm.txt),0)>0,IFERROR(SEARCH("dispatch module",_xlpm.txt),0)>0),"Swap Module",OR(IFERROR(SEARCH("notif",_xlpm.txt),0)>0,IFERROR(SEARCH("line manager",_xlpm.txt),0)>0,IFERROR(SEARCH("reject reason",_xlpm.txt),0)>0,IFERROR(SEARCH("approval",_xlpm.txt),0)>0,IFERROR(SEARCH("approve",_xlpm.txt),0)>0),"Notification",IFERROR(SEARCH("calendar",_xlpm.txt),0)>0,"Task Owner View",OR(IFERROR(SEARCH("task owner",_xlpm.txt),0)>0,IFERROR(SEARCH("pcd",_xlpm.txt),0)>0,IFERROR(SEARCH("acd",_xlpm.txt),0)>0,IFERROR(SEARCH("actual completion",_xlpm.txt),0)>0,IFERROR(SEARCH("delay",_xlpm.txt),0)>0,IFERROR(SEARCH("task ",_xlpm.txt),0)>0,IFERROR(SEARCH("tasks",_xlpm.txt),0)>0),"Task Owner Action",TRUE,"Other / General"))} -> DIW/Cost Review | S3: {=_xlfn.LET(_xlpm.txt,LOWER(B3&" "&C3&" "&F3&" "&M3&" "&O3),_xlfn.IFS(IFERROR(SEARCH("diw",_xlpm.txt),0)>0,"diw",IFERROR(SEARCH("cost review",_xlpm.txt),0)>0,"cost review",IFERROR(SEARCH("re-induction",_xlpm.txt),0)>0,"re-induction",IFERROR(SEARCH("second induction",_xlpm.txt),0)>0,"second induction",IFERROR(SEARCH("quotation",_xlpm.txt),0)>0,"quotation",IFERROR(SEARCH("swap",_xlpm.txt),0)>0,"swap",IFERROR(SEARCH("off-module",_xlpm.txt),0)>0,"off-module",IFERROR(SEARCH("off module",_xlpm.txt),0)>0,"off module",IFERROR(SEARCH("dispatch module",_xlpm.txt),0)>0,"dispatch module",IFERROR(SEARCH("notif",_xlpm.txt),0)>0,"notification",IFERROR(SEARCH("line manager",_xlpm.txt),0)>0,"line manager",IFERROR(SEARCH("reject reason",_xlpm.txt),0)>0,"reject reason",IFERROR(SEARCH("approval",_xlpm.txt),0)>0,"approval",IFERROR(SEARCH("approve",_xlpm.txt),0)>0,"approve",IFERROR(SEARCH("calendar",_xlpm.txt),0)>0,"calendar",IFERROR(SEARCH("task owner",_xlpm.txt),0)>0,"task owner",IFERROR(SEARCH("pcd",_xlpm.txt),0)>0,"PCD",IFERROR(SEARCH("acd",_xlpm.txt),0)>0,"ACD",IFERROR(SEARCH("actual completion",_xlpm.txt),0)>0,"actual completion",IFERROR(SEARCH("delay",_xlpm.txt),0)>0,"delay",IFERROR(SEARCH("task ",_xlpm.txt),0)>0,"task",IFERROR(SEARCH("tasks",_xlpm.txt),0)>0,"tasks",TRUE,"(no match)"))} -> re-induction | T3: High
A4: =raw!A196 -> 120 | B4: =raw!B196 -> re-induction | C4: =raw!C196 -> System | D4: =raw!D196 -> Must | E4: =raw!E196 -> Rework | F4: =raw!F196 -> DIW and cost review streamer can be re-induction day back day within 7 day | G4: =raw!G196 -> 46126 | H4: =raw!H196 -> Ray | ... Q4: =raw!Q196 -> 0 | R4: {=_xlfn.LET(_xlpm.txt,LOWER(B4&" "&C4&" "&F4&" "&M4&" "&O4),_xlfn.IFS(OR(IFERROR(SEARCH("diw",_xlpm.txt),0)>0,IFERROR(SEARCH("cost review",_xlpm.txt),0)>0,IFERROR(SEARCH("re-induction",_xlpm.txt),0)>0,IFERROR(SEARCH("second induction",_xlpm.txt),0)>0,IFERROR(SEARCH("quotation",_xlpm.txt),0)>0),"DIW/Cost Review",OR(IFERROR(SEARCH("swap",_xlpm.txt),0)>0,IFERROR(SEARCH("off-module",_xlpm.txt),0)>0,IFERROR(SEARCH("off module",_xlpm.txt),0)>0,IFERROR(SEARCH("dispatch module",_xlpm.txt),0)>0),"Swap Module",OR(IFERROR(SEARCH("notif",_xlpm.txt),0)>0,IFERROR(SEARCH("line manager",_xlpm.txt),0)>0,IFERROR(SEARCH("reject reason",_xlpm.txt),0)>0,IFERROR(SEARCH("approval",_xlpm.txt),0)>0,IFERROR(SEARCH("approve",_xlpm.txt),0)>0),"Notification",IFERROR(SEARCH("calendar",_xlpm.txt),0)>0,"Task Owner View",OR(IFERROR(SEARCH("task owner",_xlpm.txt),0)>0,IFERROR(SEARCH("pcd",_xlpm.txt),0)>0,IFERROR(SEARCH("acd",_xlpm.txt),0)>0,IFERROR(SEARCH("actual completion",_xlpm.txt),0)>0,IFERROR(SEARCH("delay",_xlpm.txt),0)>0,IFERROR(SEARCH("task ",_xlpm.txt),0)>0,IFERROR(SEARCH("tasks",_xlpm.txt),0)>0),"Task Owner Action",TRUE,"Other / General"))} -> DIW/Cost Review | S4: {=_xlfn.LET(_xlpm.txt,LOWER(B4&" "&C4&" "&F4&" "&M4&" "&O4),_xlfn.IFS(IFERROR(SEARCH("diw",_xlpm.txt),0)>0,"diw",IFERROR(SEARCH("cost review",_xlpm.txt),0)>0,"cost review",IFERROR(SEARCH("re-induction",_xlpm.txt),0)>0,"re-induction",IFERROR(SEARCH("second induction",_xlpm.txt),0)>0,"second induction",IFERROR(SEARCH("quotation",_xlpm.txt),0)>0,"quotation",IFERROR(SEARCH("swap",_xlpm.txt),0)>0,"swap",IFERROR(SEARCH("off-module",_xlpm.txt),0)>0,"off-module",IFERROR(SEARCH("off module",_xlpm.txt),0)>0,"off module",IFERROR(SEARCH("dispatch module",_xlpm.txt),0)>0,"dispatch module",IFERROR(SEARCH("notif",_xlpm.txt),0)>0,"notification",IFERROR(SEARCH("line manager",_xlpm.txt),0)>0,"line manager",IFERROR(SEARCH("reject reason",_xlpm.txt),0)>0,"reject reason",IFERROR(SEARCH("approval",_xlpm.txt),0)>0,"approval",IFERROR(SEARCH("approve",_xlpm.txt),0)>0,"approve",IFERROR(SEARCH("calendar",_xlpm.txt),0)>0,"calendar",IFERROR(SEARCH("task owner",_xlpm.txt),0)>0,"task owner",IFERROR(SEARCH("pcd",_xlpm.txt),0)>0,"PCD",IFERROR(SEARCH("acd",_xlpm.txt),0)>0,"ACD",IFERROR(SEARCH("actual completion",_xlpm.txt),0)>0,"actual completion",IFERROR(SEARCH("delay",_xlpm.txt),0)>0,"delay",IFERROR(SEARCH("task ",_xlpm.txt),0)>0,"task",IFERROR(SEARCH("tasks",_xlpm.txt),0)>0,"tasks",TRUE,"(no match)"))} -> diw | T4: Medium
A5: =raw!A212 -> 132 | B5: =raw!B212 -> DIW,cost review streamer | C5: =raw!C212 -> System | D5: =raw!D212 -> Must | E5: =raw!E212 -> Bug | F5: =_xlfn.TEXTJOIN(CHAR(10),TRUE,raw!F212:F214) -> 1. DIW completed and released, streamer then change to Cost Review and will need to capture second release date for Cost Review. 2. The DIW streamer cannot be converted to a normal streamer as non-DIW tasks are still locked (Grey Color). 3. The Cost Review streamer cannot be converted to a normal streamer as non-Cost Review tasks are still locked (Grey Color). Also the Cost Review Task data such as Finish Date, PCD & ACD should not be changed (Same as Cost Review Streamer) except for Task 4 Inducton | G5: =raw!G212 -> 46128 | H5: =raw!H212 -> Ricky | I5: =raw!I212 -> 0 | J5: =raw!J212 -> 0 | K5: =raw!K212 -> 0 | L5: =raw!L212 -> 0 | M5: =_xlfn.TEXTJOIN(CHAR(10),TRUE,raw!M212:M214) | N5: =raw!N212 -> 0 | O5: =_xlfn.TEXTJOIN(CHAR(10),TRUE,raw!O212:O214) -> High | P5: =raw!P212 -> 0 | Q5: =raw!Q212 -> 0 | R5: {=_xlfn.LET(_xlpm.txt,LOWER(B5&" "&C5&" "&F5&" "&M5&" "&O5),_xlfn.IFS(OR(IFERROR(SEARCH("diw",_xlpm.txt),0)>0,IFERROR(SEARCH("cost review",_xlpm.txt),0)>0,IFERROR(SEARCH("re-induction",_xlpm.txt),0)>0,IFERROR(SEARCH("second induction",_xlpm.txt),0)>0,IFERROR(SEARCH("quotation",_xlpm.txt),0)>0),"DIW/Cost Review",OR(IFERROR(SEARCH("swap",_xlpm.txt),0)>0,IFERROR(SEARCH("off-module",_xlpm.txt),0)>0,IFERROR(SEARCH("off module",_xlpm.txt),0)>0,IFERROR(SEARCH("dispatch module",_xlpm.txt),0)>0),"Swap Module",OR(IFERROR(SEARCH("notif",_xlpm.txt),0)>0,IFERROR(SEARCH("line manager",_xlpm.txt),0)>0,IFERROR(SEARCH("reject reason",_xlpm.txt),0)>0,IFERROR(SEARCH("approval",_xlpm.txt),0)>0,IFERROR(SEARCH("approve",_xlpm.txt),0)>0),"Notification",IFERROR(SEARCH("calendar",_xlpm.txt),0)>0,"Task Owner View",OR(IFERROR(SEARCH("task owner",_xlpm.txt),0)>0,IFERROR(SEARCH("pcd",_xlpm.txt),0)>0,IFERROR(SEARCH("acd",_xlpm.txt),0)>0,IFERROR(SEARCH("actual completion",_xlpm.txt),0)>0,IFERROR(SEARCH("delay",_xlpm.txt),0)>0,IFERROR(SEARCH("task ",_xlpm.txt),0)>0,IFERROR(SEARCH("tasks",_xlpm.txt),0)>0),"Task Owner Action",TRUE,"Other / General"))} -> DIW/Cost Review | S5: {=_xlfn.LET(_xlpm.txt,LOWER(B5&" "&C5&" "&F5&" "&M5&" "&O5),_xlfn.IFS(IFERROR(SEARCH("diw",_xlpm.txt),0)>0,"diw",IFERROR(SEARCH("cost review",_xlpm.txt),0)>0,"cost review",IFERROR(SEARCH("re-induction",_xlpm.txt),0)>0,"re-induction",IFERROR(SEARCH("second induction",_xlpm.txt),0)>0,"second induction",IFERROR(SEARCH("quotation",_xlpm.txt),0)>0,"quotation",IFERROR(SEARCH("swap",_xlpm.txt),0)>0,"swap",IFERROR(SEARCH("off-module",_xlpm.txt),0)>0,"off-module",IFERROR(SEARCH("off module",_xlpm.txt),0)>0,"off module",IFERROR(SEARCH("dispatch module",_xlpm.txt),0)>0,"dispatch module",IFERROR(SEARCH("notif",_xlpm.txt),0)>0,"notification",IFERROR(SEARCH("line manager",_xlpm.txt),0)>0,"line manager",IFERROR(SEARCH("reject reason",_xlpm.txt),0)>0,"reject reason",IFERROR(SEARCH("approval",_xlpm.txt),0)>0,"approval",IFERROR(SEARCH("approve",_xlpm.txt),0)>0,"approve",IFERROR(SEARCH("calendar",_xlpm.txt),0)>0,"calendar",IFERROR(SEARCH("task owner",_xlpm.txt),0)>0,"task owner",IFERROR(SEARCH("pcd",_xlpm.txt),0)>0,"PCD",IFERROR(SEARCH("acd",_xlpm.txt),0)>0,"ACD",IFERROR(SEARCH("actual completion",_xlpm.txt),0)>0,"actual completion",IFERROR(SEARCH("delay",_xlpm.txt),0)>0,"delay",IFERROR(SEARCH("task ",_xlpm.txt),0)>0,"task",IFERROR(SEARCH("tasks",_xlpm.txt),0)>0,"tasks",TRUE,"(no match)"))} -> diw | T5: High
A6: =raw!A6 -> 4 | B6: =raw!B6 -> Notification | C6: =raw!C6 -> System | D6: =raw!D6 -> Must | E6: =raw!E6 -> Bug | F6: =raw!F6 -> Unable to clear notifcations from notifcation list. After clicking the "X", the same notifcation will pop up again later, all the notifications become accumulate as a huge list. | G6: =raw!G6 -> 46097 | H6: =raw!H6 -> Ray | ... Q6: =raw!Q6 -> Fixed | R6: {=_xlfn.LET(_xlpm.txt,LOWER(B6&" "&C6&" "&F6&" "&M6&" "&O6),_xlfn.IFS(OR(IFERROR(SEARCH("diw",_xlpm.txt),0)>0,IFERROR(SEARCH("cost review",_xlpm.txt),0)>0,IFERROR(SEARCH("re-induction",_xlpm.txt),0)>0,IFERROR(SEARCH("second induction",_xlpm.txt),0)>0,IFERROR(SEARCH("quotation",_xlpm.txt),0)>0),"DIW/Cost Review",OR(IFERROR(SEARCH("swap",_xlpm.txt),0)>0,IFERROR(SEARCH("off-module",_xlpm.txt),0)>0,IFERROR(SEARCH("off module",_xlpm.txt),0)>0,IFERROR(SEARCH("dispatch module",_xlpm.txt),0)>0),"Swap Module",OR(IFERROR(SEARCH("notif",_xlpm.txt),0)>0,IFERROR(SEARCH("line manager",_xlpm.txt),0)>0,IFERROR(SEARCH("reject reason",_xlpm.txt),0)>0,IFERROR(SEARCH("approval",_xlpm.txt),0)>0,IFERROR(SEARCH("approve",_xlpm.txt),0)>0),"Notification",IFERROR(SEARCH("calendar",_xlpm.txt),0)>0,"Task Owner View",OR(IFERROR(SEARCH("task owner",_xlpm.txt),0)>0,IFERROR(SEARCH("pcd",_xlpm.txt),0)>0,IFERROR(SEARCH("acd",_xlpm.txt),0)>0,IFERROR(SEARCH("actual completion",_xlpm.txt),0)>0,IFERROR(SEARCH("delay",_xlpm.txt),0)>0,IFERROR(SEARCH("task ",_xlpm.txt),0)>0,IFERROR(SEARCH("tasks",_xlpm.txt),0)>0),"Task Owner Action",TRUE,"Other / General"))} -> Notification | S6: {=_xlfn.LET(_xlpm.txt,LOWER(B6&" "&C6&" "&F6&" "&M6&" "&O6),_xlfn.IFS(IFERROR(SEARCH("diw",_xlpm.txt),0)>0,"diw",IFERROR(SEARCH("cost review",_xlpm.txt),0)>0,"cost review",IFERROR(SEARCH("re-induction",_xlpm.txt),0)>0,"re-induction",IFERROR(SEARCH("second induction",_xlpm.txt),0)>0,"second induction",IFERROR(SEARCH("quotation",_xlpm.txt),0)>0,"quotation",IFERROR(SEARCH("swap",_xlpm.txt),0)>0,"swap",IFERROR(SEARCH("off-module",_xlpm.txt),0)>0,"off-module",IFERROR(SEARCH("off module",_xlpm.txt),0)>0,"off module",IFERROR(SEARCH("dispatch module",_xlpm.txt),0)>0,"dispatch module",IFERROR(SEARCH("notif",_xlpm.txt),0)>0,"notification",IFERROR(SEARCH("line manager",_xlpm.txt),0)>0,"line manager",IFERROR(SEARCH("reject reason",_xlpm.txt),0)>0,"reject reason",IFERROR(SEARCH("approval",_xlpm.txt),0)>0,"approval",IFERROR(SEARCH("approve",_xlpm.txt),0)>0,"approve",IFERROR(SEARCH("calendar",_xlpm.txt),0)>0,"calendar",IFERROR(SEARCH("task owner",_xlpm.txt),0)>0,"task owner",IFERROR(SEARCH("pcd",_xlpm.txt),0)>0,"PCD",IFERROR(SEARCH("acd",_xlpm.txt),0)>0,"ACD",IFERROR(SEARCH("actual completion",_xlpm.txt),0)>0,"actual completion",IFERROR(SEARCH("delay",_xlpm.txt),0)>0,"delay",IFERROR(SEARCH("task ",_xlpm.txt),0)>0,"task",IFERROR(SEARCH("tasks",_xlpm.txt),0)>0,"tasks",TRUE,"(no match)"))} -> notification | T6: Low
A7: =raw!A15 -> 13 | B7: =raw!B15 -> Planner - Tasks | C7: =raw!C15 -> System | D7: =raw!D15 -> Must | E7: =raw!E15 -> Bug | F7: =_xlfn.TEXTJOIN(CHAR(10),TRUE,raw!F15:F17) -> Update Task 4 Finish Date: 1. 41500 was created on 17 Mar 2026, and Task 4 actual completion date is 17 Mar 2026; however, it is currently showing as 16 Mar 2026. 2. Unable to select “Cancel for Approval.” | G7: =raw!G15 -> 46097 | H7: =raw!H15 -> Ricky | I7: =raw!I15 -> Refer to Screen Capture | J7: =raw!J15 -> None | K7: =raw!K15 -> 0 | L7: =raw!L15 -> 0 | M7: =_xlfn.TEXTJOIN(CHAR(10),TRUE,raw!M15:M17) -> Dev to reproduce issue | N7: =raw!N15 -> 0 | O7: =_xlfn.TEXTJOIN(CHAR(10),TRUE,raw!O15:O17) -> Low, fixed | P7: =raw!P15 -> 0 | Q7: =raw!Q15 -> Fixed | R7: {=_xlfn.LET(_xlpm.txt,LOWER(B7&" "&C7&" "&F7&" "&M7&" "&O7),_xlfn.IFS(OR(IFERROR(SEARCH("diw",_xlpm.txt),0)>0,IFERROR(SEARCH("cost review",_xlpm.txt),0)>0,IFERROR(SEARCH("re-induction",_xlpm.txt),0)>0,IFERROR(SEARCH("second induction",_xlpm.txt),0)>0,IFERROR(SEARCH("quotation",_xlpm.txt),0)>0),"DIW/Cost Review",OR(IFERROR(SEARCH("swap",_xlpm.txt),0)>0,IFERROR(SEARCH("off-module",_xlpm.txt),0)>0,IFERROR(SEARCH("off module",_xlpm.txt),0)>0,IFERROR(SEARCH("dispatch module",_xlpm.txt),0)>0),"Swap Module",OR(IFERROR(SEARCH("notif",_xlpm.txt),0)>0,IFERROR(SEARCH("line manager",_xlpm.txt),0)>0,IFERROR(SEARCH("reject reason",_xlpm.txt),0)>0,IFERROR(SEARCH("approval",_xlpm.txt),0)>0,IFERROR(SEARCH("approve",_xlpm.txt),0)>0),"Notification",IFERROR(SEARCH("calendar",_xlpm.txt),0)>0,"Task Owner View",OR(IFERROR(SEARCH("task owner",_xlpm.txt),0)>0,IFERROR(SEARCH("pcd",_xlpm.txt),0)>0,IFERROR(SEARCH("acd",_xlpm.txt),0)>0,IFERROR(SEARCH("actual completion",_xlpm.txt),0)>0,IFERROR(SEARCH("delay",_xlpm.txt),0)>0,IFERROR(SEARCH("task ",_xlpm.txt),0)>0,IFERROR(SEARCH("tasks",_xlpm.txt),0)>0),"Task Owner Action",TRUE,"Other / General"))} -> Notification | S7: {=_xlfn.LET(_xlpm.txt,LOWER(B7&" "&C7&" "&F7&" "&M7&" "&O7),_xlfn.IFS(IFERROR(SEARCH("diw",_xlpm.txt),0)>0,"diw",IFERROR(SEARCH("cost review",_xlpm.txt),0)>0,"cost review",IFERROR(SEARCH("re-induction",_xlpm.txt),0)>0,"re-induction",IFERROR(SEARCH("second induction",_xlpm.txt),0)>0,"second induction",IFERROR(SEARCH("quotation",_xlpm.txt),0)>0,"quotation",IFERROR(SEARCH("swap",_xlpm.txt),0)>0,"swap",IFERROR(SEARCH("off-module",_xlpm.txt),0)>0,"off-module",IFERROR(SEARCH("off module",_xlpm.txt),0)>0,"off module",IFERROR(SEARCH("dispatch module",_xlpm.txt),0)>0,"dispatch module",IFERROR(SEARCH("notif",_xlpm.txt),0)>0,"notification",IFERROR(SEARCH("line manager",_xlpm.txt),0)>0,"line manager",IFERROR(SEARCH("reject reason",_xlpm.txt),0)>0,"reject reason",IFERROR(SEARCH("approval",_xlpm.txt),0)>0,"approval",IFERROR(SEARCH("approve",_xlpm.txt),0)>0,"approve",IFERROR(SEARCH("calendar",_xlpm.txt),0)>0,"calendar",IFERROR(SEARCH("task owner",_xlpm.txt),0)>0,"task owner",IFERROR(SEARCH("pcd",_xlpm.txt),0)>0,"PCD",IFERROR(SEARCH("acd",_xlpm.txt),0)>0,"ACD",IFERROR(SEARCH("actual completion",_xlpm.txt),0)>0,"actual completion",IFERROR(SEARCH("delay",_xlpm.txt),0)>0,"delay",IFERROR(SEARCH("task ",_xlpm.txt),0)>0,"task",IFERROR(SEARCH("tasks",_xlpm.txt),0)>0,"tasks",TRUE,"(no match)"))} -> approval | T7: Low
A8: =raw!A18 -> 14 | B8: =raw!B18 -> Planner - Tasks | C8: =raw!C18 -> System | D8: =raw!D18 -> Must | E8: =raw!E18 -> Bug | F8: =_xlfn.TEXTJOIN(CHAR(10),TRUE,raw!F18:F20) -> Update Task 4 Finish Date: Job 21231 was completed on 17 May 2026. The completion date was entered as 16 Mar 2026; however, it is not reflected under “Actual Completion.” 2. Unable to select “Cancel for Approval.” | G8: =raw!G18 -> 46097 | H8: =raw!H18 -> Ricky | I8: =raw!I18 -> Refer to Screen Capture | J8: =raw!J18 -> None | K8: =raw!K18 -> 0 | L8: =raw!L18 -> 0 | M8: =_xlfn.TEXTJOIN(CHAR(10),TRUE,raw!M18:M20) -> Dev to reproduce issue | N8: =raw!N18 -> 0 | O8: =_xlfn.TEXTJOIN(CHAR(10),TRUE,raw!O18:O20) -> high, operational risk | P8: =raw!P18 -> 0 | Q8: =raw!Q18 -> Not yet fix | R8: {=_xlfn.LET(_xlpm.txt,LOWER(B8&" "&C8&" "&F8&" "&M8&" "&O8),_xlfn.IFS(OR(IFERROR(SEARCH("diw",_xlpm.txt),0)>0,IFERROR(SEARCH("cost review",_xlpm.txt),0)>0,IFERROR(SEARCH("re-induction",_xlpm.txt),0)>0,IFERROR(SEARCH("second induction",_xlpm.txt),0)>0,IFERROR(SEARCH("quotation",_xlpm.txt),0)>0),"DIW/Cost Review",OR(IFERROR(SEARCH("swap",_xlpm.txt),0)>0,IFERROR(SEARCH("off-module",_xlpm.txt),0)>0,IFERROR(SEARCH("off module",_xlpm.txt),0)>0,IFERROR(SEARCH("dispatch module",_xlpm.txt),0)>0),"Swap Module",OR(IFERROR(SEARCH("notif",_xlpm.txt),0)>0,IFERROR(SEARCH("line manager",_xlpm.txt),0)>0,IFERROR(SEARCH("reject reason",_xlpm.txt),0)>0,IFERROR(SEARCH("approval",_xlpm.txt),0)>0,IFERROR(SEARCH("approve",_xlpm.txt),0)>0),"Notification",IFERROR(SEARCH("calendar",_xlpm.txt),0)>0,"Task Owner View",OR(IFERROR(SEARCH("task owner",_xlpm.txt),0)>0,IFERROR(SEARCH("pcd",_xlpm.txt),0)>0,IFERROR(SEARCH("acd",_xlpm.txt),0)>0,IFERROR(SEARCH("actual completion",_xlpm.txt),0)>0,IFERROR(SEARCH("delay",_xlpm.txt),0)>0,IFERROR(SEARCH("task ",_xlpm.txt),0)>0,IFERROR(SEARCH("tasks",_xlpm.txt),0)>0),"Task Owner Action",TRUE,"Other / General"))} -> Notification | S8: {=_xlfn.LET(_xlpm.txt,LOWER(B8&" "&C8&" "&F8&" "&M8&" "&O8),_xlfn.IFS(IFERROR(SEARCH("diw",_xlpm.txt),0)>0,"diw",IFERROR(SEARCH("cost review",_xlpm.txt),0)>0,"cost review",IFERROR(SEARCH("re-induction",_xlpm.txt),0)>0,"re-induction",IFERROR(SEARCH("second induction",_xlpm.txt),0)>0,"second induction",IFERROR(SEARCH("quotation",_xlpm.txt),0)>0,"quotation",IFERROR(SEARCH("swap",_xlpm.txt),0)>0,"swap",IFERROR(SEARCH("off-module",_xlpm.txt),0)>0,"off-module",IFERROR(SEARCH("off module",_xlpm.txt),0)>0,"off module",IFERROR(SEARCH("dispatch module",_xlpm.txt),0)>0,"dispatch module",IFERROR(SEARCH("notif",_xlpm.txt),0)>0,"notification",IFERROR(SEARCH("line manager",_xlpm.txt),0)>0,"line manager",IFERROR(SEARCH("reject reason",_xlpm.txt),0)>0,"reject reason",IFERROR(SEARCH("approval",_xlpm.txt),0)>0,"approval",IFERROR(SEARCH("approve",_xlpm.txt),0)>0,"approve",IFERROR(SEARCH("calendar",_xlpm.txt),0)>0,"calendar",IFERROR(SEARCH("task owner",_xlpm.txt),0)>0,"task owner",IFERROR(SEARCH("pcd",_xlpm.txt),0)>0,"PCD",IFERROR(SEARCH("acd",_xlpm.txt),0)>0,"ACD",IFERROR(SEARCH("actual completion",_xlpm.txt),0)>0,"actual completion",IFERROR(SEARCH("delay",_xlpm.txt),0)>0,"delay",IFERROR(SEARCH("task ",_xlpm.txt),0)>0,"task",IFERROR(SEARCH("tasks",_xlpm.txt),0)>0,"tasks",TRUE,"(no match)"))} -> approval | T8: high
A9: =raw!A21 -> 15 | B9: =raw!B21 -> Notification - Line Manager | C9: =raw!C21 -> System | D9: =raw!D21 -> Must | E9: =raw!E21 -> Bug | F9: =raw!F21 -> No items in the line manager notification list even there are few items are pending approval | G9: =raw!G21 -> 46098 | H9: =raw!H21 -> Ray | ... Q9: =raw!Q21 -> Not yet fix | R9: {=_xlfn.LET(_xlpm.txt,LOWER(B9&" "&C9&" "&F9&" "&M9&" "&O9),_xlfn.IFS(OR(IFERROR(SEARCH("diw",_xlpm.txt),0)>0,IFERROR(SEARCH("cost review",_xlpm.txt),0)>0,IFERROR(SEARCH("re-induction",_xlpm.txt),0)>0,IFERROR(SEARCH("second induction",_xlpm.txt),0)>0,IFERROR(SEARCH("quotation",_xlpm.txt),0)>0),"DIW/Cost Review",OR(IFERROR(SEARCH("swap",_xlpm.txt),0)>0,IFERROR(SEARCH("off-module",_xlpm.txt),0)>0,IFERROR(SEARCH("off module",_xlpm.txt),0)>0,IFERROR(SEARCH("dispatch module",_xlpm.txt),0)>0),"Swap Module",OR(IFERROR(SEARCH("notif",_xlpm.txt),0)>0,IFERROR(SEARCH("line manager",_xlpm.txt),0)>0,IFERROR(SEARCH("reject reason",_xlpm.txt),0)>0,IFERROR(SEARCH("approval",_xlpm.txt),0)>0,IFERROR(SEARCH("approve",_xlpm.txt),0)>0),"Notification",IFERROR(SEARCH("calendar",_xlpm.txt),0)>0,"Task Owner View",OR(IFERROR(SEARCH("task owner",_xlpm.txt),0)>0,IFERROR(SEARCH("pcd",_xlpm.txt),0)>0,IFERROR(SEARCH("acd",_xlpm.txt),0)>0,IFERROR(SEARCH("actual completion",_xlpm.txt),0)>0,IFERROR(SEARCH("delay",_xlpm.txt),0)>0,IFERROR(SEARCH("task ",_xlpm.txt),0)>0,IFERROR(SEARCH("tasks",_xlpm.txt),0)>0),"Task Owner Action",TRUE,"Other / General"))} -> Notification | S9: {=_xlfn.LET(_xlpm.txt,LOWER(B9&" "&C9&" "&F9&" "&M9&" "&O9),_xlfn.IFS(IFERROR(SEARCH("diw",_xlpm.txt),0)>0,"diw",IFERROR(SEARCH("cost review",_xlpm.txt),0)>0,"cost review",IFERROR(SEARCH("re-induction",_xlpm.txt),0)>0,"re-induction",IFERROR(SEARCH("second induction",_xlpm.txt),0)>0,"second induction",IFERROR(SEARCH("quotation",_xlpm.txt),0)>0,"quotation",IFERROR(SEARCH("swap",_xlpm.txt),0)>0,"swap",IFERROR(SEARCH("off-module",_xlpm.txt),0)>0,"off-module",IFERROR(SEARCH("off module",_xlpm.txt),0)>0,"off module",IFERROR(SEARCH("dispatch module",_xlpm.txt),0)>0,"dispatch module",IFERROR(SEARCH("notif",_xlpm.txt),0)>0,"notification",IFERROR(SEARCH("line manager",_xlpm.txt),0)>0,"line manager",IFERROR(SEARCH("reject reason",_xlpm.txt),0)>0,"reject reason",IFERROR(SEARCH("approval",_xlpm.txt),0)>0,"approval",IFERROR(SEARCH("approve",_xlpm.txt),0)>0,"approve",IFERROR(SEARCH("calendar",_xlpm.txt),0)>0,"calendar",IFERROR(SEARCH("task owner",_xlpm.txt),0)>0,"task owner",IFERROR(SEARCH("pcd",_xlpm.txt),0)>0,"PCD",IFERROR(SEARCH("acd",_xlpm.txt),0)>0,"ACD",IFERROR(SEARCH("actual completion",_xlpm.txt),0)>0,"actual completion",IFERROR(SEARCH("delay",_xlpm.txt),0)>0,"delay",IFERROR(SEARCH("task ",_xlpm.txt),0)>0,"task",IFERROR(SEARCH("tasks",_xlpm.txt),0)>0,"tasks",TRUE,"(no match)"))} -> notification | T9: high
A10: =raw!A27 -> 20 | B10: =raw!B27 -> Notification | C10: =raw!C27 -> System | D10: =raw!D27 -> Must | E10: =raw!E27 -> Bug | F10: =raw!F27 -> The hour counting is incorrect | G10: =raw!G27 -> 46098 | H10: =raw!H27 -> Ray | ... Q10: =raw!Q27 -> Fixed | R10: {=_xlfn.LET(_xlpm.txt,LOWER(B10&" "&C10&" "&F10&" "&M10&" "&O10),_xlfn.IFS(OR(IFERROR(SEARCH("diw",_xlpm.txt),0)>0,IFERROR(SEARCH("cost review",_xlpm.txt),0)>0,IFERROR(SEARCH("re-induction",_xlpm.txt),0)>0,IFERROR(SEARCH("second induction",_xlpm.txt),0)>0,IFERROR(SEARCH("quotation",_xlpm.txt),0)>0),"DIW/Cost Review",OR(IFERROR(SEARCH("swap",_xlpm.txt),0)>0,IFERROR(SEARCH("off-module",_xlpm.txt),0)>0,IFERROR(SEARCH("off module",_xlpm.txt),0)>0,IFERROR(SEARCH("dispatch module",_xlpm.txt),0)>0),"Swap Module",OR(IFERROR(SEARCH("notif",_xlpm.txt),0)>0,IFERROR(SEARCH("line manager",_xlpm.txt),0)>0,IFERROR(SEARCH("reject reason",_xlpm.txt),0)>0,IFERROR(SEARCH("approval",_xlpm.txt),0)>0,IFERROR(SEARCH("approve",_xlpm.txt),0)>0),"Notification",IFERROR(SEARCH("calendar",_xlpm.txt),0)>0,"Task Owner View",OR(IFERROR(SEARCH("task owner",_xlpm.txt),0)>0,IFERROR(SEARCH("pcd",_xlpm.txt),0)>0,IFERROR(SEARCH("acd",_xlpm.txt),0)>0,IFERROR(SEARCH("actual completion",_xlpm.txt),0)>0,IFERROR(SEARCH("delay",_xlpm.txt),0)>0,IFERROR(SEARCH("task ",_xlpm.txt),0)>0,IFERROR(SEARCH("tasks",_xlpm.txt),0)>0),"Task Owner Action",TRUE,"Other / General"))} -> Notification | S10: {=_xlfn.LET(_xlpm.txt,LOWER(B10&" "&C10&" "&F10&" "&M10&" "&O10),_xlfn.IFS(IFERROR(SEARCH("diw",_xlpm.txt),0)>0,"diw",IFERROR(SEARCH("cost review",_xlpm.txt),0)>0,"cost review",IFERROR(SEARCH("re-induction",_xlpm.txt),0)>0,"re-induction",IFERROR(SEARCH("second induction",_xlpm.txt),0)>0,"second induction",IFERROR(SEARCH("quotation",_xlpm.txt),0)>0,"quotation",IFERROR(SEARCH("swap",_xlpm.txt),0)>0,"swap",IFERROR(SEARCH("off-module",_xlpm.txt),0)>0,"off-module",IFERROR(SEARCH("off module",_xlpm.txt),0)>0,"off module",IFERROR(SEARCH("dispatch module",_xlpm.txt),0)>0,"dispatch module",IFERROR(SEARCH("notif",_xlpm.txt),0)>0,"notification",IFERROR(SEARCH("line manager",_xlpm.txt),0)>0,"line manager",IFERROR(SEARCH("reject reason",_xlpm.txt),0)>0,"reject reason",IFERROR(SEARCH("approval",_xlpm.txt),0)>0,"approval",IFERROR(SEARCH("approve",_xlpm.txt),0)>0,"approve",IFERROR(SEARCH("calendar",_xlpm.txt),0)>0,"calendar",IFERROR(SEARCH("task owner",_xlpm.txt),0)>0,"task owner",IFERROR(SEARCH("pcd",_xlpm.txt),0)>0,"PCD",IFERROR(SEARCH("acd",_xlpm.txt),0)>0,"ACD",IFERROR(SEARCH("actual completion",_xlpm.txt),0)>0,"actual completion",IFERROR(SEARCH("delay",_xlpm.txt),0)>0,"delay",IFERROR(SEARCH("task ",_xlpm.txt),0)>0,"task",IFERROR(SEARCH("tasks",_xlpm.txt),0)>0,"tasks",TRUE,"(no match)"))} -> notification | T10: Low
A11: =raw!A31 -> 24 | B11: =raw!B31 -> Notification - Line Manager | C11: =raw!C31 -> System | D11: =raw!D31 -> Must | E11: =raw!E31 -> Bug | F11: =raw!F31 -> When I click Accept on an approval task, the approvals list does not refresh immediately to remove the task card. I have to close and reopen the list to see the update. In addition, the task continues to display “Pending for approval”. | G11: =raw!G31 -> 46098 | H11: =raw!H31 -> Ray | ... Q11: =raw!Q31 -> Fixed | R11: {=_xlfn.LET(_xlpm.txt,LOWER(B11&" "&C11&" "&F11&" "&M11&" "&O11),_xlfn.IFS(OR(IFERROR(SEARCH("diw",_xlpm.txt),0)>0,IFERROR(SEARCH("cost review",_xlpm.txt),0)>0,IFERROR(SEARCH("re-induction",_xlpm.txt),0)>0,IFERROR(SEARCH("second induction",_xlpm.txt),0)>0,IFERROR(SEARCH("quotation",_xlpm.txt),0)>0),"DIW/Cost Review",OR(IFERROR(SEARCH("swap",_xlpm.txt),0)>0,IFERROR(SEARCH("off-module",_xlpm.txt),0)>0,IFERROR(SEARCH("off module",_xlpm.txt),0)>0,IFERROR(SEARCH("dispatch module",_xlpm.txt),0)>0),"Swap Module",OR(IFERROR(SEARCH("notif",_xlpm.txt),0)>0,IFERROR(SEARCH("line manager",_xlpm.txt),0)>0,IFERROR(SEARCH("reject reason",_xlpm.txt),0)>0,IFERROR(SEARCH("approval",_xlpm.txt),0)>0,IFERROR(SEARCH("approve",_xlpm.txt),0)>0),"Notification",IFERROR(SEARCH("calendar",_xlpm.txt),0)>0,"Task Owner View",OR(IFERROR(SEARCH("task owner",_xlpm.txt),0)>0,IFERROR(SEARCH("pcd",_xlpm.txt),0)>0,IFERROR(SEARCH("acd",_xlpm.txt),0)>0,IFERROR(SEARCH("actual completion",_xlpm.txt),0)>0,IFERROR(SEARCH("delay",_xlpm.txt),0)>0,IFERROR(SEARCH("task ",_xlpm.txt),0)>0,IFERROR(SEARCH("tasks",_xlpm.txt),0)>0),"Task Owner Action",TRUE,"Other / General"))} -> Notification | S11: {=_xlfn.LET(_xlpm.txt,LOWER(B11&" "&C11&" "&F11&" "&M11&" "&O11),_xlfn.IFS(IFERROR(SEARCH("diw",_xlpm.txt),0)>0,"diw",IFERROR(SEARCH("cost review",_xlpm.txt),0)>0,"cost review",IFERROR(SEARCH("re-induction",_xlpm.txt),0)>0,"re-induction",IFERROR(SEARCH("second induction",_xlpm.txt),0)>0,"second induction",IFERROR(SEARCH("quotation",_xlpm.txt),0)>0,"quotation",IFERROR(SEARCH("swap",_xlpm.txt),0)>0,"swap",IFERROR(SEARCH("off-module",_xlpm.txt),0)>0,"off-module",IFERROR(SEARCH("off module",_xlpm.txt),0)>0,"off module",IFERROR(SEARCH("dispatch module",_xlpm.txt),0)>0,"dispatch module",IFERROR(SEARCH("notif",_xlpm.txt),0)>0,"notification",IFERROR(SEARCH("line manager",_xlpm.txt),0)>0,"line manager",IFERROR(SEARCH("reject reason",_xlpm.txt),0)>0,"reject reason",IFERROR(SEARCH("approval",_xlpm.txt),0)>0,"approval",IFERROR(SEARCH("approve",_xlpm.txt),0)>0,"approve",IFERROR(SEARCH("calendar",_xlpm.txt),0)>0,"calendar",IFERROR(SEARCH("task owner",_xlpm.txt),0)>0,"task owner",IFERROR(SEARCH("pcd",_xlpm.txt),0)>0,"PCD",IFERROR(SEARCH("acd",_xlpm.txt),0)>0,"ACD",IFERROR(SEARCH("actual completion",_xlpm.txt),0)>0,"actual completion",IFERROR(SEARCH("delay",_xlpm.txt),0)>0,"delay",IFERROR(SEARCH("task ",_xlpm.txt),0)>0,"task",IFERROR(SEARCH("tasks",_xlpm.txt),0)>0,"tasks",TRUE,"(no match)"))} -> notification | T11: medium
A12: =raw!A32 -> 25 | B12: =raw!B32 -> Tasks | C12: =raw!C32 -> System | D12: =raw!D32 -> Must | E12: =raw!E32 -> Bug | F12: =raw!F32 -> Unable to cancel for approval when click "Cancel for Approval" button | G12: =raw!G32 -> 46098 | H12: =raw!H32 -> Ray | ... Q12: =raw!Q32 -> Not yet fix | R12: {=_xlfn.LET(_xlpm.txt,LOWER(B12&" "&C12&" "&F12&" "&M12&" "&O12),_xlfn.IFS(OR(IFERROR(SEARCH("diw",_xlpm.txt),0)>0,IFERROR(SEARCH("cost review",_xlpm.txt),0)>0,IFERROR(SEARCH("re-induction",_xlpm.txt),0)>0,IFERROR(SEARCH("second induction",_xlpm.txt),0)>0,IFERROR(SEARCH("quotation",_xlpm.txt),0)>0),"DIW/Cost Review",OR(IFERROR(SEARCH("swap",_xlpm.txt),0)>0,IFERROR(SEARCH("off-module",_xlpm.txt),0)>0,IFERROR(SEARCH("off module",_xlpm.txt),0)>0,IFERROR(SEARCH("dispatch module",_xlpm.txt),0)>0),"Swap Module",OR(IFERROR(SEARCH("notif",_xlpm.txt),0)>0,IFERROR(SEARCH("line manager",_xlpm.txt),0)>0,IFERROR(SEARCH("reject reason",_xlpm.txt),0)>0,IFERROR(SEARCH("approval",_xlpm.txt),0)>0,IFERROR(SEARCH("approve",_xlpm.txt),0)>0),"Notification",IFERROR(SEARCH("calendar",_xlpm.txt),0)>0,"Task Owner View",OR(IFERROR(SEARCH("task owner",_xlpm.txt),0)>0,IFERROR(SEARCH("pcd",_xlpm.txt),0)>0,IFERROR(SEARCH("acd",_xlpm.txt),0)>0,IFERROR(SEARCH("actual completion",_xlpm.txt),0)>0,IFERROR(SEARCH("delay",_xlpm.txt),0)>0,IFERROR(SEARCH("task ",_xlpm.txt),0)>0,IFERROR(SEARCH("tasks",_xlpm.txt),0)>0),"Task Owner Action",TRUE,"Other / General"))} -> Notification | S12: {=_xlfn.LET(_xlpm.txt,LOWER(B12&" "&C12&" "&F12&" "&M12&" "&O12),_xlfn.IFS(IFERROR(SEARCH("diw",_xlpm.txt),0)>0,"diw",IFERROR(SEARCH("cost review",_xlpm.txt),0)>0,"cost review",IFERROR(SEARCH("re-induction",_xlpm.txt),0)>0,"re-induction",IFERROR(SEARCH("second induction",_xlpm.txt),0)>0,"second induction",IFERROR(SEARCH("quotation",_xlpm.txt),0)>0,"quotation",IFERROR(SEARCH("swap",_xlpm.txt),0)>0,"swap",IFERROR(SEARCH("off-module",_xlpm.txt),0)>0,"off-module",IFERROR(SEARCH("off module",_xlpm.txt),0)>0,"off module",IFERROR(SEARCH("dispatch module",_xlpm.txt),0)>0,"dispatch module",IFERROR(SEARCH("notif",_xlpm.txt),0)>0,"notification",IFERROR(SEARCH("line manager",_xlpm.txt),0)>0,"line manager",IFERROR(SEARCH("reject reason",_xlpm.txt),0)>0,"reject reason",IFERROR(SEARCH("approval",_xlpm.txt),0)>0,"approval",IFERROR(SEARCH("approve",_xlpm.txt),0)>0,"approve",IFERROR(SEARCH("calendar",_xlpm.txt),0)>0,"calendar",IFERROR(SEARCH("task owner",_xlpm.txt),0)>0,"task owner",IFERROR(SEARCH("pcd",_xlpm.txt),0)>0,"PCD",IFERROR(SEARCH("acd",_xlpm.txt),0)>0,"ACD",IFERROR(SEARCH("actual completion",_xlpm.txt),0)>0,"actual completion",IFERROR(SEARCH("delay",_xlpm.txt),0)>0,"delay",IFERROR(SEARCH("task ",_xlpm.txt),0)>0,"task",IFERROR(SEARCH("tasks",_xlpm.txt),0)>0,"tasks",TRUE,"(no match)"))} -> approval | T12: High
A13: =raw!A38 -> 31 | B13: =raw!B38 -> Tasks - Approval Process | C13: =raw!C38 -> System | D13: =raw!D38 -> Must | E13: =raw!E38 -> Bug | F13: =_xlfn.TEXTJOIN(CHAR(10),TRUE,raw!F38:F39) -> The list of pending approval tasks do not align with the actual pending approval task | G13: =raw!G38 -> 46099 | H13: =raw!H38 -> Ray | I13: =raw!I38 -> Refer to Screen Capture | J13: =raw!J38 -> Bug | K13: =raw!K38 -> P4 | L13: =raw!L38 -> 0 | M13: =_xlfn.TEXTJOIN(CHAR(10),TRUE,raw!M38:M39) -> Needs to be addressed | N13: =raw!N38 -> 0 | O13: =_xlfn.TEXTJOIN(CHAR(10),TRUE,raw!O38:O39) -> High, bug | P13: =raw!P38 -> 0 | Q13: =raw!Q38 -> Fixed | R13: {=_xlfn.LET(_xlpm.txt,LOWER(B13&" "&C13&" "&F13&" "&M13&" "&O13),_xlfn.IFS(OR(IFERROR(SEARCH("diw",_xlpm.txt),0)>0,IFERROR(SEARCH("cost review",_xlpm.txt),0)>0,IFERROR(SEARCH("re-induction",_xlpm.txt),0)>0,IFERROR(SEARCH("second induction",_xlpm.txt),0)>0,IFERROR(SEARCH("quotation",_xlpm.txt),0)>0),"DIW/Cost Review",OR(IFERROR(SEARCH("swap",_xlpm.txt),0)>0,IFERROR(SEARCH("off-module",_xlpm.txt),0)>0,IFERROR(SEARCH("off module",_xlpm.txt),0)>0,IFERROR(SEARCH("dispatch module",_xlpm.txt),0)>0),"Swap Module",OR(IFERROR(SEARCH("notif",_xlpm.txt),0)>0,IFERROR(SEARCH("line manager",_xlpm.txt),0)>0,IFERROR(SEARCH("reject reason",_xlpm.txt),0)>0,IFERROR(SEARCH("approval",_xlpm.txt),0)>0,IFERROR(SEARCH("approve",_xlpm.txt),0)>0),"Notification",IFERROR(SEARCH("calendar",_xlpm.txt),0)>0,"Task Owner View",OR(IFERROR(SEARCH("task owner",_xlpm.txt),0)>0,IFERROR(SEARCH("pcd",_xlpm.txt),0)>0,IFERROR(SEARCH("acd",_xlpm.txt),0)>0,IFERROR(SEARCH("actual completion",_xlpm.txt),0)>0,IFERROR(SEARCH("delay",_xlpm.txt),0)>0,IFERROR(SEARCH("task ",_xlpm.txt),0)>0,IFERROR(SEARCH("tasks",_xlpm.txt),0)>0),"Task Owner Action",TRUE,"Other / General"))} -> Notification | S13: {=_xlfn.LET(_xlpm.txt,LOWER(B13&" "&C13&" "&F13&" "&M13&" "&O13),_xlfn.IFS(IFERROR(SEARCH("diw",_xlpm.txt),0)>0,"diw",IFERROR(SEARCH("cost review",_xlpm.txt),0)>0,"cost review",IFERROR(SEARCH("re-induction",_xlpm.txt),0)>0,"re-induction",IFERROR(SEARCH("second induction",_xlpm.txt),0)>0,"second induction",IFERROR(SEARCH("quotation",_xlpm.txt),0)>0,"quotation",IFERROR(SEARCH("swap",_xlpm.txt),0)>0,"swap",IFERROR(SEARCH("off-module",_xlpm.txt),0)>0,"off-module",IFERROR(SEARCH("off module",_xlpm.txt),0)>0,"off module",IFERROR(SEARCH("dispatch module",_xlpm.txt),0)>0,"dispatch module",IFERROR(SEARCH("notif",_xlpm.txt),0)>0,"notification",IFERROR(SEARCH("line manager",_xlpm.txt),0)>0,"line manager",IFERROR(SEARCH("reject reason",_xlpm.txt),0)>0,"reject reason",IFERROR(SEARCH("approval",_xlpm.txt),0)>0,"approval",IFERROR(SEARCH("approve",_xlpm.txt),0)>0,"approve",IFERROR(SEARCH("calendar",_xlpm.txt),0)>0,"calendar",IFERROR(SEARCH("task owner",_xlpm.txt),0)>0,"task owner",IFERROR(SEARCH("pcd",_xlpm.txt),0)>0,"PCD",IFERROR(SEARCH("acd",_xlpm.txt),0)>0,"ACD",IFERROR(SEARCH("actual completion",_xlpm.txt),0)>0,"actual completion",IFERROR(SEARCH("delay",_xlpm.txt),0)>0,"delay",IFERROR(SEARCH("task ",_xlpm.txt),0)>0,"task",IFERROR(SEARCH("tasks",_xlpm.txt),0)>0,"tasks",TRUE,"(no match)"))} -> approval | T13: High
A14: =raw!A94 -> 64 | B14: =raw!B94 -> Notification | C14: =raw!C94 -> System | D14: =raw!D94 -> Must | E14: =raw!E94 -> Bug | F14: =raw!F94 -> When there are no pending approval tasks, the approval notification icon displays system update logs. We expect the system to display nothing when there are no approval items for Approval Icon. | G14: =raw!G94 -> 46108 | H14: =raw!H94 -> Ray | ... Q14: =raw!Q94 -> Fixed | R14: {=_xlfn.LET(_xlpm.txt,LOWER(B14&" "&C14&" "&F14&" "&M14&" "&O14),_xlfn.IFS(OR(IFERROR(SEARCH("diw",_xlpm.txt),0)>0,IFERROR(SEARCH("cost review",_xlpm.txt),0)>0,IFERROR(SEARCH("re-induction",_xlpm.txt),0)>0,IFERROR(SEARCH("second induction",_xlpm.txt),0)>0,IFERROR(SEARCH("quotation",_xlpm.txt),0)>0),"DIW/Cost Review",OR(IFERROR(SEARCH("swap",_xlpm.txt),0)>0,IFERROR(SEARCH("off-module",_xlpm.txt),0)>0,IFERROR(SEARCH("off module",_xlpm.txt),0)>0,IFERROR(SEARCH("dispatch module",_xlpm.txt),0)>0),"Swap Module",OR(IFERROR(SEARCH("notif",_xlpm.txt),0)>0,IFERROR(SEARCH("line manager",_xlpm.txt),0)>0,IFERROR(SEARCH("reject reason",_xlpm.txt),0)>0,IFERROR(SEARCH("approval",_xlpm.txt),0)>0,IFERROR(SEARCH("approve",_xlpm.txt),0)>0),"Notification",IFERROR(SEARCH("calendar",_xlpm.txt),0)>0,"Task Owner View",OR(IFERROR(SEARCH("task owner",_xlpm.txt),0)>0,IFERROR(SEARCH("pcd",_xlpm.txt),0)>0,IFERROR(SEARCH("acd",_xlpm.txt),0)>0,IFERROR(SEARCH("actual completion",_xlpm.txt),0)>0,IFERROR(SEARCH("delay",_xlpm.txt),0)>0,IFERROR(SEARCH("task ",_xlpm.txt),0)>0,IFERROR(SEARCH("tasks",_xlpm.txt),0)>0),"Task Owner Action",TRUE,"Other / General"))} -> Notification | S14: {=_xlfn.LET(_xlpm.txt,LOWER(B14&" "&C14&" "&F14&" "&M14&" "&O14),_xlfn.IFS(IFERROR(SEARCH("diw",_xlpm.txt),0)>0,"diw",IFERROR(SEARCH("cost review",_xlpm.txt),0)>0,"cost review",IFERROR(SEARCH("re-induction",_xlpm.txt),0)>0,"re-induction",IFERROR(SEARCH("second induction",_xlpm.txt),0)>0,"second induction",IFERROR(SEARCH("quotation",_xlpm.txt),0)>0,"quotation",IFERROR(SEARCH("swap",_xlpm.txt),0)>0,"swap",IFERROR(SEARCH("off-module",_xlpm.txt),0)>0,"off-module",IFERROR(SEARCH("off module",_xlpm.txt),0)>0,"off module",IFERROR(SEARCH("dispatch module",_xlpm.txt),0)>0,"dispatch module",IFERROR(SEARCH("notif",_xlpm.txt),0)>0,"notification",IFERROR(SEARCH("line manager",_xlpm.txt),0)>0,"line manager",IFERROR(SEARCH("reject reason",_xlpm.txt),0)>0,"reject reason",IFERROR(SEARCH("approval",_xlpm.txt),0)>0,"approval",IFERROR(SEARCH("approve",_xlpm.txt),0)>0,"approve",IFERROR(SEARCH("calendar",_xlpm.txt),0)>0,"calendar",IFERROR(SEARCH("task owner",_xlpm.txt),0)>0,"task owner",IFERROR(SEARCH("pcd",_xlpm.txt),0)>0,"PCD",IFERROR(SEARCH("acd",_xlpm.txt),0)>0,"ACD",IFERROR(SEARCH("actual completion",_xlpm.txt),0)>0,"actual completion",IFERROR(SEARCH("delay",_xlpm.txt),0)>0,"delay",IFERROR(SEARCH("task ",_xlpm.txt),0)>0,"task",IFERROR(SEARCH("tasks",_xlpm.txt),0)>0,"tasks",TRUE,"(no match)"))} -> notification | T14: medium
A15: =raw!A102 -> 68 | B15: =raw!B102 -> Task Update | C15: =raw!C102 -> System | D15: =raw!D102 -> Must | E15: =raw!E102 -> Bug | F15: =raw!F102 -> what is the max length of reject reason? System error when the reason is a long text | G15: =raw!G102 -> 46113 | H15: =raw!H102 -> Ray | ... Q15: =raw!Q102 -> Not yet fix | R15: {=_xlfn.LET(_xlpm.txt,LOWER(B15&" "&C15&" "&F15&" "&M15&" "&O15),_xlfn.IFS(OR(IFERROR(SEARCH("diw",_xlpm.txt),0)>0,IFERROR(SEARCH("cost review",_xlpm.txt),0)>0,IFERROR(SEARCH("re-induction",_xlpm.txt),0)>0,IFERROR(SEARCH("second induction",_xlpm.txt),0)>0,IFERROR(SEARCH("quotation",_xlpm.txt),0)>0),"DIW/Cost Review",OR(IFERROR(SEARCH("swap",_xlpm.txt),0)>0,IFERROR(SEARCH("off-module",_xlpm.txt),0)>0,IFERROR(SEARCH("off module",_xlpm.txt),0)>0,IFERROR(SEARCH("dispatch module",_xlpm.txt),0)>0),"Swap Module",OR(IFERROR(SEARCH("notif",_xlpm.txt),0)>0,IFERROR(SEARCH("line manager",_xlpm.txt),0)>0,IFERROR(SEARCH("reject reason",_xlpm.txt),0)>0,IFERROR(SEARCH("approval",_xlpm.txt),0)>0,IFERROR(SEARCH("approve",_xlpm.txt),0)>0),"Notification",IFERROR(SEARCH("calendar",_xlpm.txt),0)>0,"Task Owner View",OR(IFERROR(SEARCH("task owner",_xlpm.txt),0)>0,IFERROR(SEARCH("pcd",_xlpm.txt),0)>0,IFERROR(SEARCH("acd",_xlpm.txt),0)>0,IFERROR(SEARCH("actual completion",_xlpm.txt),0)>0,IFERROR(SEARCH("delay",_xlpm.txt),0)>0,IFERROR(SEARCH("task ",_xlpm.txt),0)>0,IFERROR(SEARCH("tasks",_xlpm.txt),0)>0),"Task Owner Action",TRUE,"Other / General"))} -> Notification | S15: {=_xlfn.LET(_xlpm.txt,LOWER(B15&" "&C15&" "&F15&" "&M15&" "&O15),_xlfn.IFS(IFERROR(SEARCH("diw",_xlpm.txt),0)>0,"diw",IFERROR(SEARCH("cost review",_xlpm.txt),0)>0,"cost review",IFERROR(SEARCH("re-induction",_xlpm.txt),0)>0,"re-induction",IFERROR(SEARCH("second induction",_xlpm.txt),0)>0,"second induction",IFERROR(SEARCH("quotation",_xlpm.txt),0)>0,"quotation",IFERROR(SEARCH("swap",_xlpm.txt),0)>0,"swap",IFERROR(SEARCH("off-module",_xlpm.txt),0)>0,"off-module",IFERROR(SEARCH("off module",_xlpm.txt),0)>0,"off module",IFERROR(SEARCH("dispatch module",_xlpm.txt),0)>0,"dispatch module",IFERROR(SEARCH("notif",_xlpm.txt),0)>0,"notification",IFERROR(SEARCH("line manager",_xlpm.txt),0)>0,"line manager",IFERROR(SEARCH("reject reason",_xlpm.txt),0)>0,"reject reason",IFERROR(SEARCH("approval",_xlpm.txt),0)>0,"approval",IFERROR(SEARCH("approve",_xlpm.txt),0)>0,"approve",IFERROR(SEARCH("calendar",_xlpm.txt),0)>0,"calendar",IFERROR(SEARCH("task owner",_xlpm.txt),0)>0,"task owner",IFERROR(SEARCH("pcd",_xlpm.txt),0)>0,"PCD",IFERROR(SEARCH("acd",_xlpm.txt),0)>0,"ACD",IFERROR(SEARCH("actual completion",_xlpm.txt),0)>0,"actual completion",IFERROR(SEARCH("delay",_xlpm.txt),0)>0,"delay",IFERROR(SEARCH("task ",_xlpm.txt),0)>0,"task",IFERROR(SEARCH("tasks",_xlpm.txt),0)>0,"tasks",TRUE,"(no match)"))} -> reject reason | T15: medium
A16: =raw!A103 -> 69 | B16: =raw!B103 -> Notification - Approval | C16: =raw!C103 -> System | D16: =raw!D103 -> Must | E16: =raw!E103 -> Bug | F16: =raw!F103 -> In the view all page, Line manager section. Expected Completion Date means Projected Completion Date? if yes, please update. And please add the column of "Actual Completion Date" in this table too. | G16: =raw!G103 -> 46113 | H16: =raw!H103 -> Ray | ... Q16: =raw!Q103 -> 0 | R16: {=_xlfn.LET(_xlpm.txt,LOWER(B16&" "&C16&" "&F16&" "&M16&" "&O16),_xlfn.IFS(OR(IFERROR(SEARCH("diw",_xlpm.txt),0)>0,IFERROR(SEARCH("cost review",_xlpm.txt),0)>0,IFERROR(SEARCH("re-induction",_xlpm.txt),0)>0,IFERROR(SEARCH("second induction",_xlpm.txt),0)>0,IFERROR(SEARCH("quotation",_xlpm.txt),0)>0),"DIW/Cost Review",OR(IFERROR(SEARCH("swap",_xlpm.txt),0)>0,IFERROR(SEARCH("off-module",_xlpm.txt),0)>0,IFERROR(SEARCH("off module",_xlpm.txt),0)>0,IFERROR(SEARCH("dispatch module",_xlpm.txt),0)>0),"Swap Module",OR(IFERROR(SEARCH("notif",_xlpm.txt),0)>0,IFERROR(SEARCH("line manager",_xlpm.txt),0)>0,IFERROR(SEARCH("reject reason",_xlpm.txt),0)>0,IFERROR(SEARCH("approval",_xlpm.txt),0)>0,IFERROR(SEARCH("approve",_xlpm.txt),0)>0),"Notification",IFERROR(SEARCH("calendar",_xlpm.txt),0)>0,"Task Owner View",OR(IFERROR(SEARCH("task owner",_xlpm.txt),0)>0,IFERROR(SEARCH("pcd",_xlpm.txt),0)>0,IFERROR(SEARCH("acd",_xlpm.txt),0)>0,IFERROR(SEARCH("actual completion",_xlpm.txt),0)>0,IFERROR(SEARCH("delay",_xlpm.txt),0)>0,IFERROR(SEARCH("task ",_xlpm.txt),0)>0,IFERROR(SEARCH("tasks",_xlpm.txt),0)>0),"Task Owner Action",TRUE,"Other / General"))} -> Notification | S16: {=_xlfn.LET(_xlpm.txt,LOWER(B16&" "&C16&" "&F16&" "&M16&" "&O16),_xlfn.IFS(IFERROR(SEARCH("diw",_xlpm.txt),0)>0,"diw",IFERROR(SEARCH("cost review",_xlpm.txt),0)>0,"cost review",IFERROR(SEARCH("re-induction",_xlpm.txt),0)>0,"re-induction",IFERROR(SEARCH("second induction",_xlpm.txt),0)>0,"second induction",IFERROR(SEARCH("quotation",_xlpm.txt),0)>0,"quotation",IFERROR(SEARCH("swap",_xlpm.txt),0)>0,"swap",IFERROR(SEARCH("off-module",_xlpm.txt),0)>0,"off-module",IFERROR(SEARCH("off module",_xlpm.txt),0)>0,"off module",IFERROR(SEARCH("dispatch module",_xlpm.txt),0)>0,"dispatch module",IFERROR(SEARCH("notif",_xlpm.txt),0)>0,"notification",IFERROR(SEARCH("line manager",_xlpm.txt),0)>0,"line manager",IFERROR(SEARCH("reject reason",_xlpm.txt),0)>0,"reject reason",IFERROR(SEARCH("approval",_xlpm.txt),0)>0,"approval",IFERROR(SEARCH("approve",_xlpm.txt),0)>0,"approve",IFERROR(SEARCH("calendar",_xlpm.txt),0)>0,"calendar",IFERROR(SEARCH("task owner",_xlpm.txt),0)>0,"task owner",IFERROR(SEARCH("pcd",_xlpm.txt),0)>0,"PCD",IFERROR(SEARCH("acd",_xlpm.txt),0)>0,"ACD",IFERROR(SEARCH("actual completion",_xlpm.txt),0)>0,"actual completion",IFERROR(SEARCH("delay",_xlpm.txt),0)>0,"delay",IFERROR(SEARCH("task ",_xlpm.txt),0)>0,"task",IFERROR(SEARCH("tasks",_xlpm.txt),0)>0,"tasks",TRUE,"(no match)"))} -> notification | T16: low
A17: =raw!A104 -> 70 | B17: =raw!B104 -> Admin -> Streamer settings -> Task Owner Settings | C17: =raw!C104 -> System | D17: =raw!D104 -> Must | E17: =raw!E104 -> Bug | F17: =_xlfn.TEXTJOIN(CHAR(10),TRUE,raw!F104:F105) -> Task Owner setting cannot be saved for more than two users. E.g. add user to line manager or user, unable to click the "Save" button | G17: =raw!G104 -> 46057 | H17: =raw!H104 -> Ricky | I17: =raw!I104 -> Refer to Screen Capture | J17: =raw!J104 -> Bug | K17: =raw!K104 -> P1 | L17: =raw!L104 -> 0 | M17: =_xlfn.TEXTJOIN(CHAR(10),TRUE,raw!M104:M105) -> Fixed | N17: =raw!N104 -> 0 | O17: =_xlfn.TEXTJOIN(CHAR(10),TRUE,raw!O104:O105) -> medium, fixed | P17: =raw!P104 -> 0 | Q17: =raw!Q104 -> 0 | R17: {=_xlfn.LET(_xlpm.txt,LOWER(B17&" "&C17&" "&F17&" "&M17&" "&O17),_xlfn.IFS(OR(IFERROR(SEARCH("diw",_xlpm.txt),0)>0,IFERROR(SEARCH("cost review",_xlpm.txt),0)>0,IFERROR(SEARCH("re-induction",_xlpm.txt),0)>0,IFERROR(SEARCH("second induction",_xlpm.txt),0)>0,IFERROR(SEARCH("quotation",_xlpm.txt),0)>0),"DIW/Cost Review",OR(IFERROR(SEARCH("swap",_xlpm.txt),0)>0,IFERROR(SEARCH("off-module",_xlpm.txt),0)>0,IFERROR(SEARCH("off module",_xlpm.txt),0)>0,IFERROR(SEARCH("dispatch module",_xlpm.txt),0)>0),"Swap Module",OR(IFERROR(SEARCH("notif",_xlpm.txt),0)>0,IFERROR(SEARCH("line manager",_xlpm.txt),0)>0,IFERROR(SEARCH("reject reason",_xlpm.txt),0)>0,IFERROR(SEARCH("approval",_xlpm.txt),0)>0,IFERROR(SEARCH("approve",_xlpm.txt),0)>0),"Notification",IFERROR(SEARCH("calendar",_xlpm.txt),0)>0,"Task Owner View",OR(IFERROR(SEARCH("task owner",_xlpm.txt),0)>0,IFERROR(SEARCH("pcd",_xlpm.txt),0)>0,IFERROR(SEARCH("acd",_xlpm.txt),0)>0,IFERROR(SEARCH("actual completion",_xlpm.txt),0)>0,IFERROR(SEARCH("delay",_xlpm.txt),0)>0,IFERROR(SEARCH("task ",_xlpm.txt),0)>0,IFERROR(SEARCH("tasks",_xlpm.txt),0)>0),"Task Owner Action",TRUE,"Other / General"))} -> Notification | S17: {=_xlfn.LET(_xlpm.txt,LOWER(B17&" "&C17&" "&F17&" "&M17&" "&O17),_xlfn.IFS(IFERROR(SEARCH("diw",_xlpm.txt),0)>0,"diw",IFERROR(SEARCH("cost review",_xlpm.txt),0)>0,"cost review",IFERROR(SEARCH("re-induction",_xlpm.txt),0)>0,"re-induction",IFERROR(SEARCH("second induction",_xlpm.txt),0)>0,"second induction",IFERROR(SEARCH("quotation",_xlpm.txt),0)>0,"quotation",IFERROR(SEARCH("swap",_xlpm.txt),0)>0,"swap",IFERROR(SEARCH("off-module",_xlpm.txt),0)>0,"off-module",IFERROR(SEARCH("off module",_xlpm.txt),0)>0,"off module",IFERROR(SEARCH("dispatch module",_xlpm.txt),0)>0,"dispatch module",IFERROR(SEARCH("notif",_xlpm.txt),0)>0,"notification",IFERROR(SEARCH("line manager",_xlpm.txt),0)>0,"line manager",IFERROR(SEARCH("reject reason",_xlpm.txt),0)>0,"reject reason",IFERROR(SEARCH("approval",_xlpm.txt),0)>0,"approval",IFERROR(SEARCH("approve",_xlpm.txt),0)>0,"approve",IFERROR(SEARCH("calendar",_xlpm.txt),0)>0,"calendar",IFERROR(SEARCH("task owner",_xlpm.txt),0)>0,"task owner",IFERROR(SEARCH("pcd",_xlpm.txt),0)>0,"PCD",IFERROR(SEARCH("acd",_xlpm.txt),0)>0,"ACD",IFERROR(SEARCH("actual completion",_xlpm.txt),0)>0,"actual completion",IFERROR(SEARCH("delay",_xlpm.txt),0)>0,"delay",IFERROR(SEARCH("task ",_xlpm.txt),0)>0,"task",IFERROR(SEARCH("tasks",_xlpm.txt),0)>0,"tasks",TRUE,"(no match)"))} -> line manager | T17: medium
A18: =raw!A107 -> 72 | B18: =raw!B107 -> Task Update | C18: =raw!C107 -> System | D18: =raw!D107 -> Must | E18: =raw!E107 -> Bug | F18: =raw!F107 -> L03 - Complete to WIP, Line manager approval needed | G18: =raw!G107 -> 46114 | H18: =raw!H107 -> Praveen on Ray's Behalf | ... Q18: =raw!Q107 -> 0 | R18: {=_xlfn.LET(_xlpm.txt,LOWER(B18&" "&C18&" "&F18&" "&M18&" "&O18),_xlfn.IFS(OR(IFERROR(SEARCH("diw",_xlpm.txt),0)>0,IFERROR(SEARCH("cost review",_xlpm.txt),0)>0,IFERROR(SEARCH("re-induction",_xlpm.txt),0)>0,IFERROR(SEARCH("second induction",_xlpm.txt),0)>0,IFERROR(SEARCH("quotation",_xlpm.txt),0)>0),"DIW/Cost Review",OR(IFERROR(SEARCH("swap",_xlpm.txt),0)>0,IFERROR(SEARCH("off-module",_xlpm.txt),0)>0,IFERROR(SEARCH("off module",_xlpm.txt),0)>0,IFERROR(SEARCH("dispatch module",_xlpm.txt),0)>0),"Swap Module",OR(IFERROR(SEARCH("notif",_xlpm.txt),0)>0,IFERROR(SEARCH("line manager",_xlpm.txt),0)>0,IFERROR(SEARCH("reject reason",_xlpm.txt),0)>0,IFERROR(SEARCH("approval",_xlpm.txt),0)>0,IFERROR(SEARCH("approve",_xlpm.txt),0)>0),"Notification",IFERROR(SEARCH("calendar",_xlpm.txt),0)>0,"Task Owner View",OR(IFERROR(SEARCH("task owner",_xlpm.txt),0)>0,IFERROR(SEARCH("pcd",_xlpm.txt),0)>0,IFERROR(SEARCH("acd",_xlpm.txt),0)>0,IFERROR(SEARCH("actual completion",_xlpm.txt),0)>0,IFERROR(SEARCH("delay",_xlpm.txt),0)>0,IFERROR(SEARCH("task ",_xlpm.txt),0)>0,IFERROR(SEARCH("tasks",_xlpm.txt),0)>0),"Task Owner Action",TRUE,"Other / General"))} -> Notification | S18: {=_xlfn.LET(_xlpm.txt,LOWER(B18&" "&C18&" "&F18&" "&M18&" "&O18),_xlfn.IFS(IFERROR(SEARCH("diw",_xlpm.txt),0)>0,"diw",IFERROR(SEARCH("cost review",_xlpm.txt),0)>0,"cost review",IFERROR(SEARCH("re-induction",_xlpm.txt),0)>0,"re-induction",IFERROR(SEARCH("second induction",_xlpm.txt),0)>0,"second induction",IFERROR(SEARCH("quotation",_xlpm.txt),0)>0,"quotation",IFERROR(SEARCH("swap",_xlpm.txt),0)>0,"swap",IFERROR(SEARCH("off-module",_xlpm.txt),0)>0,"off-module",IFERROR(SEARCH("off module",_xlpm.txt),0)>0,"off module",IFERROR(SEARCH("dispatch module",_xlpm.txt),0)>0,"dispatch module",IFERROR(SEARCH("notif",_xlpm.txt),0)>0,"notification",IFERROR(SEARCH("line manager",_xlpm.txt),0)>0,"line manager",IFERROR(SEARCH("reject reason",_xlpm.txt),0)>0,"reject reason",IFERROR(SEARCH("approval",_xlpm.txt),0)>0,"approval",IFERROR(SEARCH("approve",_xlpm.txt),0)>0,"approve",IFERROR(SEARCH("calendar",_xlpm.txt),0)>0,"calendar",IFERROR(SEARCH("task owner",_xlpm.txt),0)>0,"task owner",IFERROR(SEARCH("pcd",_xlpm.txt),0)>0,"PCD",IFERROR(SEARCH("acd",_xlpm.txt),0)>0,"ACD",IFERROR(SEARCH("actual completion",_xlpm.txt),0)>0,"actual completion",IFERROR(SEARCH("delay",_xlpm.txt),0)>0,"delay",IFERROR(SEARCH("task ",_xlpm.txt),0)>0,"task",IFERROR(SEARCH("tasks",_xlpm.txt),0)>0,"tasks",TRUE,"(no match)"))} -> line manager | T18: High
A19: =raw!A115 -> 79 | B19: =raw!B115 -> Line Manager | C19: =raw!C115 -> System | D19: =raw!D115 -> Must | E19: =raw!E115 -> Bug | F19: =raw!F115 -> F05 - Line manager rejects a back date entry requires reject reason - System error when type a long text reject reason | G19: =raw!G115 -> 46114 | H19: =raw!H115 -> Praveen on Ray's Behalf | ... Q19: =raw!Q115 -> 0 | R19: {=_xlfn.LET(_xlpm.txt,LOWER(B19&" "&C19&" "&F19&" "&M19&" "&O19),_xlfn.IFS(OR(IFERROR(SEARCH("diw",_xlpm.txt),0)>0,IFERROR(SEARCH("cost review",_xlpm.txt),0)>0,IFERROR(SEARCH("re-induction",_xlpm.txt),0)>0,IFERROR(SEARCH("second induction",_xlpm.txt),0)>0,IFERROR(SEARCH("quotation",_xlpm.txt),0)>0),"DIW/Cost Review",OR(IFERROR(SEARCH("swap",_xlpm.txt),0)>0,IFERROR(SEARCH("off-module",_xlpm.txt),0)>0,IFERROR(SEARCH("off module",_xlpm.txt),0)>0,IFERROR(SEARCH("dispatch module",_xlpm.txt),0)>0),"Swap Module",OR(IFERROR(SEARCH("notif",_xlpm.txt),0)>0,IFERROR(SEARCH("line manager",_xlpm.txt),0)>0,IFERROR(SEARCH("reject reason",_xlpm.txt),0)>0,IFERROR(SEARCH("approval",_xlpm.txt),0)>0,IFERROR(SEARCH("approve",_xlpm.txt),0)>0),"Notification",IFERROR(SEARCH("calendar",_xlpm.txt),0)>0,"Task Owner View",OR(IFERROR(SEARCH("task owner",_xlpm.txt),0)>0,IFERROR(SEARCH("pcd",_xlpm.txt),0)>0,IFERROR(SEARCH("acd",_xlpm.txt),0)>0,IFERROR(SEARCH("actual completion",_xlpm.txt),0)>0,IFERROR(SEARCH("delay",_xlpm.txt),0)>0,IFERROR(SEARCH("task ",_xlpm.txt),0)>0,IFERROR(SEARCH("tasks",_xlpm.txt),0)>0),"Task Owner Action",TRUE,"Other / General"))} -> Notification | S19: {=_xlfn.LET(_xlpm.txt,LOWER(B19&" "&C19&" "&F19&" "&M19&" "&O19),_xlfn.IFS(IFERROR(SEARCH("diw",_xlpm.txt),0)>0,"diw",IFERROR(SEARCH("cost review",_xlpm.txt),0)>0,"cost review",IFERROR(SEARCH("re-induction",_xlpm.txt),0)>0,"re-induction",IFERROR(SEARCH("second induction",_xlpm.txt),0)>0,"second induction",IFERROR(SEARCH("quotation",_xlpm.txt),0)>0,"quotation",IFERROR(SEARCH("swap",_xlpm.txt),0)>0,"swap",IFERROR(SEARCH("off-module",_xlpm.txt),0)>0,"off-module",IFERROR(SEARCH("off module",_xlpm.txt),0)>0,"off module",IFERROR(SEARCH("dispatch module",_xlpm.txt),0)>0,"dispatch module",IFERROR(SEARCH("notif",_xlpm.txt),0)>0,"notification",IFERROR(SEARCH("line manager",_xlpm.txt),0)>0,"line manager",IFERROR(SEARCH("reject reason",_xlpm.txt),0)>0,"reject reason",IFERROR(SEARCH("approval",_xlpm.txt),0)>0,"approval",IFERROR(SEARCH("approve",_xlpm.txt),0)>0,"approve",IFERROR(SEARCH("calendar",_xlpm.txt),0)>0,"calendar",IFERROR(SEARCH("task owner",_xlpm.txt),0)>0,"task owner",IFERROR(SEARCH("pcd",_xlpm.txt),0)>0,"PCD",IFERROR(SEARCH("acd",_xlpm.txt),0)>0,"ACD",IFERROR(SEARCH("actual completion",_xlpm.txt),0)>0,"actual completion",IFERROR(SEARCH("delay",_xlpm.txt),0)>0,"delay",IFERROR(SEARCH("task ",_xlpm.txt),0)>0,"task",IFERROR(SEARCH("tasks",_xlpm.txt),0)>0,"tasks",TRUE,"(no match)"))} -> line manager | T19: High
A20: =raw!A175 -> 103 | B20: =raw!B175 -> Notification | C20: =raw!C175 -> System | D20: =raw!D175 -> Must | E20: =raw!E175 -> Enhancement | F20: =raw!F175 -> Notification does not have sufficient information (e.g. Sales Order, ESN, what has been updated etc.) | G20: =raw!G175 -> 46121 | H20: =raw!H175 -> CCB | ... Q20: =raw!Q175 -> 0 | R20: {=_xlfn.LET(_xlpm.txt,LOWER(B20&" "&C20&" "&F20&" "&M20&" "&O20),_xlfn.IFS(OR(IFERROR(SEARCH("diw",_xlpm.txt),0)>0,IFERROR(SEARCH("cost review",_xlpm.txt),0)>0,IFERROR(SEARCH("re-induction",_xlpm.txt),0)>0,IFERROR(SEARCH("second induction",_xlpm.txt),0)>0,IFERROR(SEARCH("quotation",_xlpm.txt),0)>0),"DIW/Cost Review",OR(IFERROR(SEARCH("swap",_xlpm.txt),0)>0,IFERROR(SEARCH("off-module",_xlpm.txt),0)>0,IFERROR(SEARCH("off module",_xlpm.txt),0)>0,IFERROR(SEARCH("dispatch module",_xlpm.txt),0)>0),"Swap Module",OR(IFERROR(SEARCH("notif",_xlpm.txt),0)>0,IFERROR(SEARCH("line manager",_xlpm.txt),0)>0,IFERROR(SEARCH("reject reason",_xlpm.txt),0)>0,IFERROR(SEARCH("approval",_xlpm.txt),0)>0,IFERROR(SEARCH("approve",_xlpm.txt),0)>0),"Notification",IFERROR(SEARCH("calendar",_xlpm.txt),0)>0,"Task Owner View",OR(IFERROR(SEARCH("task owner",_xlpm.txt),0)>0,IFERROR(SEARCH("pcd",_xlpm.txt),0)>0,IFERROR(SEARCH("acd",_xlpm.txt),0)>0,IFERROR(SEARCH("actual completion",_xlpm.txt),0)>0,IFERROR(SEARCH("delay",_xlpm.txt),0)>0,IFERROR(SEARCH("task ",_xlpm.txt),0)>0,IFERROR(SEARCH("tasks",_xlpm.txt),0)>0),"Task Owner Action",TRUE,"Other / General"))} -> Notification | S20: {=_xlfn.LET(_xlpm.txt,LOWER(B20&" "&C20&" "&F20&" "&M20&" "&O20),_xlfn.IFS(IFERROR(SEARCH("diw",_xlpm.txt),0)>0,"diw",IFERROR(SEARCH("cost review",_xlpm.txt),0)>0,"cost review",IFERROR(SEARCH("re-induction",_xlpm.txt),0)>0,"re-induction",IFERROR(SEARCH("second induction",_xlpm.txt),0)>0,"second induction",IFERROR(SEARCH("quotation",_xlpm.txt),0)>0,"quotation",IFERROR(SEARCH("swap",_xlpm.txt),0)>0,"swap",IFERROR(SEARCH("off-module",_xlpm.txt),0)>0,"off-module",IFERROR(SEARCH("off module",_xlpm.txt),0)>0,"off module",IFERROR(SEARCH("dispatch module",_xlpm.txt),0)>0,"dispatch module",IFERROR(SEARCH("notif",_xlpm.txt),0)>0,"notification",IFERROR(SEARCH("line manager",_xlpm.txt),0)>0,"line manager",IFERROR(SEARCH("reject reason",_xlpm.txt),0)>0,"reject reason",IFERROR(SEARCH("approval",_xlpm.txt),0)>0,"approval",IFERROR(SEARCH("approve",_xlpm.txt),0)>0,"approve",IFERROR(SEARCH("calendar",_xlpm.txt),0)>0,"calendar",IFERROR(SEARCH("task owner",_xlpm.txt),0)>0,"task owner",IFERROR(SEARCH("pcd",_xlpm.txt),0)>0,"PCD",IFERROR(SEARCH("acd",_xlpm.txt),0)>0,"ACD",IFERROR(SEARCH("actual completion",_xlpm.txt),0)>0,"actual completion",IFERROR(SEARCH("delay",_xlpm.txt),0)>0,"delay",IFERROR(SEARCH("task ",_xlpm.txt),0)>0,"task",IFERROR(SEARCH("tasks",_xlpm.txt),0)>0,"tasks",TRUE,"(no match)"))} -> notification | T20: Medium
A21: =raw!A184 -> 111 | B21: =raw!B184 -> Notification | C21: =raw!C184 -> System | D21: =raw!D184 -> Must | E21: =raw!E184 -> Bug | F21: =raw!F184 -> By clicking both Approval icon or Notification icon, the system only shows the approval request information. | G21: =raw!G184 -> 46122 | H21: =raw!H184 -> Ray | ... Q21: =raw!Q184 -> 0 | R21: {=_xlfn.LET(_xlpm.txt,LOWER(B21&" "&C21&" "&F21&" "&M21&" "&O21),_xlfn.IFS(OR(IFERROR(SEARCH("diw",_xlpm.txt),0)>0,IFERROR(SEARCH("cost review",_xlpm.txt),0)>0,IFERROR(SEARCH("re-induction",_xlpm.txt),0)>0,IFERROR(SEARCH("second induction",_xlpm.txt),0)>0,IFERROR(SEARCH("quotation",_xlpm.txt),0)>0),"DIW/Cost Review",OR(IFERROR(SEARCH("swap",_xlpm.txt),0)>0,IFERROR(SEARCH("off-module",_xlpm.txt),0)>0,IFERROR(SEARCH("off module",_xlpm.txt),0)>0,IFERROR(SEARCH("dispatch module",_xlpm.txt),0)>0),"Swap Module",OR(IFERROR(SEARCH("notif",_xlpm.txt),0)>0,IFERROR(SEARCH("line manager",_xlpm.txt),0)>0,IFERROR(SEARCH("reject reason",_xlpm.txt),0)>0,IFERROR(SEARCH("approval",_xlpm.txt),0)>0,IFERROR(SEARCH("approve",_xlpm.txt),0)>0),"Notification",IFERROR(SEARCH("calendar",_xlpm.txt),0)>0,"Task Owner View",OR(IFERROR(SEARCH("task owner",_xlpm.txt),0)>0,IFERROR(SEARCH("pcd",_xlpm.txt),0)>0,IFERROR(SEARCH("acd",_xlpm.txt),0)>0,IFERROR(SEARCH("actual completion",_xlpm.txt),0)>0,IFERROR(SEARCH("delay",_xlpm.txt),0)>0,IFERROR(SEARCH("task ",_xlpm.txt),0)>0,IFERROR(SEARCH("tasks",_xlpm.txt),0)>0),"Task Owner Action",TRUE,"Other / General"))} -> Notification | S21: {=_xlfn.LET(_xlpm.txt,LOWER(B21&" "&C21&" "&F21&" "&M21&" "&O21),_xlfn.IFS(IFERROR(SEARCH("diw",_xlpm.txt),0)>0,"diw",IFERROR(SEARCH("cost review",_xlpm.txt),0)>0,"cost review",IFERROR(SEARCH("re-induction",_xlpm.txt),0)>0,"re-induction",IFERROR(SEARCH("second induction",_xlpm.txt),0)>0,"second induction",IFERROR(SEARCH("quotation",_xlpm.txt),0)>0,"quotation",IFERROR(SEARCH("swap",_xlpm.txt),0)>0,"swap",IFERROR(SEARCH("off-module",_xlpm.txt),0)>0,"off-module",IFERROR(SEARCH("off module",_xlpm.txt),0)>0,"off module",IFERROR(SEARCH("dispatch module",_xlpm.txt),0)>0,"dispatch module",IFERROR(SEARCH("notif",_xlpm.txt),0)>0,"notification",IFERROR(SEARCH("line manager",_xlpm.txt),0)>0,"line manager",IFERROR(SEARCH("reject reason",_xlpm.txt),0)>0,"reject reason",IFERROR(SEARCH("approval",_xlpm.txt),0)>0,"approval",IFERROR(SEARCH("approve",_xlpm.txt),0)>0,"approve",IFERROR(SEARCH("calendar",_xlpm.txt),0)>0,"calendar",IFERROR(SEARCH("task owner",_xlpm.txt),0)>0,"task owner",IFERROR(SEARCH("pcd",_xlpm.txt),0)>0,"PCD",IFERROR(SEARCH("acd",_xlpm.txt),0)>0,"ACD",IFERROR(SEARCH("actual completion",_xlpm.txt),0)>0,"actual completion",IFERROR(SEARCH("delay",_xlpm.txt),0)>0,"delay",IFERROR(SEARCH("task ",_xlpm.txt),0)>0,"task",IFERROR(SEARCH("tasks",_xlpm.txt),0)>0,"tasks",TRUE,"(no match)"))} -> notification | T21: High
A22: =raw!A186 -> 113 | B22: =raw!B186 -> Tasks | C22: =raw!C186 -> System | D22: =raw!D186 -> Must | E22: =raw!E186 -> Bug | F22: =raw!F186 -> cw-ray.lam@haesl.com not belong to any task owner dept, why I could update any task data, and do the approval? | G22: =raw!G186 -> 46125 | H22: =raw!H186 -> Ray | ... Q22: =raw!Q186 -> 0 | R22: {=_xlfn.LET(_xlpm.txt,LOWER(B22&" "&C22&" "&F22&" "&M22&" "&O22),_xlfn.IFS(OR(IFERROR(SEARCH("diw",_xlpm.txt),0)>0,IFERROR(SEARCH("cost review",_xlpm.txt),0)>0,IFERROR(SEARCH("re-induction",_xlpm.txt),0)>0,IFERROR(SEARCH("second induction",_xlpm.txt),0)>0,IFERROR(SEARCH("quotation",_xlpm.txt),0)>0),"DIW/Cost Review",OR(IFERROR(SEARCH("swap",_xlpm.txt),0)>0,IFERROR(SEARCH("off-module",_xlpm.txt),0)>0,IFERROR(SEARCH("off module",_xlpm.txt),0)>0,IFERROR(SEARCH("dispatch module",_xlpm.txt),0)>0),"Swap Module",OR(IFERROR(SEARCH("notif",_xlpm.txt),0)>0,IFERROR(SEARCH("line manager",_xlpm.txt),0)>0,IFERROR(SEARCH("reject reason",_xlpm.txt),0)>0,IFERROR(SEARCH("approval",_xlpm.txt),0)>0,IFERROR(SEARCH("approve",_xlpm.txt),0)>0),"Notification",IFERROR(SEARCH("calendar",_xlpm.txt),0)>0,"Task Owner View",OR(IFERROR(SEARCH("task owner",_xlpm.txt),0)>0,IFERROR(SEARCH("pcd",_xlpm.txt),0)>0,IFERROR(SEARCH("acd",_xlpm.txt),0)>0,IFERROR(SEARCH("actual completion",_xlpm.txt),0)>0,IFERROR(SEARCH("delay",_xlpm.txt),0)>0,IFERROR(SEARCH("task ",_xlpm.txt),0)>0,IFERROR(SEARCH("tasks",_xlpm.txt),0)>0),"Task Owner Action",TRUE,"Other / General"))} -> Notification | S22: {=_xlfn.LET(_xlpm.txt,LOWER(B22&" "&C22&" "&F22&" "&M22&" "&O22),_xlfn.IFS(IFERROR(SEARCH("diw",_xlpm.txt),0)>0,"diw",IFERROR(SEARCH("cost review",_xlpm.txt),0)>0,"cost review",IFERROR(SEARCH("re-induction",_xlpm.txt),0)>0,"re-induction",IFERROR(SEARCH("second induction",_xlpm.txt),0)>0,"second induction",IFERROR(SEARCH("quotation",_xlpm.txt),0)>0,"quotation",IFERROR(SEARCH("swap",_xlpm.txt),0)>0,"swap",IFERROR(SEARCH("off-module",_xlpm.txt),0)>0,"off-module",IFERROR(SEARCH("off module",_xlpm.txt),0)>0,"off module",IFERROR(SEARCH("dispatch module",_xlpm.txt),0)>0,"dispatch module",IFERROR(SEARCH("notif",_xlpm.txt),0)>0,"notification",IFERROR(SEARCH("line manager",_xlpm.txt),0)>0,"line manager",IFERROR(SEARCH("reject reason",_xlpm.txt),0)>0,"reject reason",IFERROR(SEARCH("approval",_xlpm.txt),0)>0,"approval",IFERROR(SEARCH("approve",_xlpm.txt),0)>0,"approve",IFERROR(SEARCH("calendar",_xlpm.txt),0)>0,"calendar",IFERROR(SEARCH("task owner",_xlpm.txt),0)>0,"task owner",IFERROR(SEARCH("pcd",_xlpm.txt),0)>0,"PCD",IFERROR(SEARCH("acd",_xlpm.txt),0)>0,"ACD",IFERROR(SEARCH("actual completion",_xlpm.txt),0)>0,"actual completion",IFERROR(SEARCH("delay",_xlpm.txt),0)>0,"delay",IFERROR(SEARCH("task ",_xlpm.txt),0)>0,"task",IFERROR(SEARCH("tasks",_xlpm.txt),0)>0,"tasks",TRUE,"(no match)"))} -> approval | T22: Medium
A23: =raw!A187 -> 114 | B23: =raw!B187 -> Notification-Line Manager | C23: =raw!C187 -> System | D23: =raw!D187 -> Must | E23: =raw!E187 -> None | F23: =raw!F187 -> The View all page of Line Manager should show the approved by and approved date column, some dept may have more than one line manager. | G23: =raw!G187 -> 46125 | H23: =raw!H187 -> Ray | ... Q23: =raw!Q187 -> 0 | R23: {=_xlfn.LET(_xlpm.txt,LOWER(B23&" "&C23&" "&F23&" "&M23&" "&O23),_xlfn.IFS(OR(IFERROR(SEARCH("diw",_xlpm.txt),0)>0,IFERROR(SEARCH("cost review",_xlpm.txt),0)>0,IFERROR(SEARCH("re-induction",_xlpm.txt),0)>0,IFERROR(SEARCH("second induction",_xlpm.txt),0)>0,IFERROR(SEARCH("quotation",_xlpm.txt),0)>0),"DIW/Cost Review",OR(IFERROR(SEARCH("swap",_xlpm.txt),0)>0,IFERROR(SEARCH("off-module",_xlpm.txt),0)>0,IFERROR(SEARCH("off module",_xlpm.txt),0)>0,IFERROR(SEARCH("dispatch module",_xlpm.txt),0)>0),"Swap Module",OR(IFERROR(SEARCH("notif",_xlpm.txt),0)>0,IFERROR(SEARCH("line manager",_xlpm.txt),0)>0,IFERROR(SEARCH("reject reason",_xlpm.txt),0)>0,IFERROR(SEARCH("approval",_xlpm.txt),0)>0,IFERROR(SEARCH("approve",_xlpm.txt),0)>0),"Notification",IFERROR(SEARCH("calendar",_xlpm.txt),0)>0,"Task Owner View",OR(IFERROR(SEARCH("task owner",_xlpm.txt),0)>0,IFERROR(SEARCH("pcd",_xlpm.txt),0)>0,IFERROR(SEARCH("acd",_xlpm.txt),0)>0,IFERROR(SEARCH("actual completion",_xlpm.txt),0)>0,IFERROR(SEARCH("delay",_xlpm.txt),0)>0,IFERROR(SEARCH("task ",_xlpm.txt),0)>0,IFERROR(SEARCH("tasks",_xlpm.txt),0)>0),"Task Owner Action",TRUE,"Other / General"))} -> Notification | S23: {=_xlfn.LET(_xlpm.txt,LOWER(B23&" "&C23&" "&F23&" "&M23&" "&O23),_xlfn.IFS(IFERROR(SEARCH("diw",_xlpm.txt),0)>0,"diw",IFERROR(SEARCH("cost review",_xlpm.txt),0)>0,"cost review",IFERROR(SEARCH("re-induction",_xlpm.txt),0)>0,"re-induction",IFERROR(SEARCH("second induction",_xlpm.txt),0)>0,"second induction",IFERROR(SEARCH("quotation",_xlpm.txt),0)>0,"quotation",IFERROR(SEARCH("swap",_xlpm.txt),0)>0,"swap",IFERROR(SEARCH("off-module",_xlpm.txt),0)>0,"off-module",IFERROR(SEARCH("off module",_xlpm.txt),0)>0,"off module",IFERROR(SEARCH("dispatch module",_xlpm.txt),0)>0,"dispatch module",IFERROR(SEARCH("notif",_xlpm.txt),0)>0,"notification",IFERROR(SEARCH("line manager",_xlpm.txt),0)>0,"line manager",IFERROR(SEARCH("reject reason",_xlpm.txt),0)>0,"reject reason",IFERROR(SEARCH("approval",_xlpm.txt),0)>0,"approval",IFERROR(SEARCH("approve",_xlpm.txt),0)>0,"approve",IFERROR(SEARCH("calendar",_xlpm.txt),0)>0,"calendar",IFERROR(SEARCH("task owner",_xlpm.txt),0)>0,"task owner",IFERROR(SEARCH("pcd",_xlpm.txt),0)>0,"PCD",IFERROR(SEARCH("acd",_xlpm.txt),0)>0,"ACD",IFERROR(SEARCH("actual completion",_xlpm.txt),0)>0,"actual completion",IFERROR(SEARCH("delay",_xlpm.txt),0)>0,"delay",IFERROR(SEARCH("task ",_xlpm.txt),0)>0,"task",IFERROR(SEARCH("tasks",_xlpm.txt),0)>0,"tasks",TRUE,"(no match)"))} -> notification | T23: Medium
A24: =raw!A189 -> 116 | B24: =raw!B189 -> Notification - Action Log | C24: =raw!C189 -> System | D24: =raw!D189 -> Must | E24: =raw!E189 -> Rework | F24: =_xlfn.TEXTJOIN(CHAR(10),TRUE,raw!F189:F192) -> Action log does not show complete information (e.g. cannot show which category has been changed, which ESN, which S/O). Able to clear all notification by a button. And categorize the action log e.g. filter of task update action, filter of test plan update action, notify delayed task if the task WIP. if the action log is about task, user could click on the notification and redirect to the tasks details pop-up screen If too much infomation in each action log, could default collapse and user click on the log will become expand? | G24: =raw!G189 -> 46126 | H24: =raw!H189 -> various | I24: =raw!I189 -> N/A | J24: =raw!J189 -> 0 | K24: =raw!K189 -> 0 | L24: =raw!L189 -> 0 | M24: =_xlfn.TEXTJOIN(CHAR(10),TRUE,raw!M189:M192) | N24: =raw!N189 -> 0 | O24: =_xlfn.TEXTJOIN(CHAR(10),TRUE,raw!O189:O192) -> Medium, multiple issues | P24: =raw!P189 -> 0 | Q24: =raw!Q189 -> 0 | R24: {=_xlfn.LET(_xlpm.txt,LOWER(B24&" "&C24&" "&F24&" "&M24&" "&O24),_xlfn.IFS(OR(IFERROR(SEARCH("diw",_xlpm.txt),0)>0,IFERROR(SEARCH("cost review",_xlpm.txt),0)>0,IFERROR(SEARCH("re-induction",_xlpm.txt),0)>0,IFERROR(SEARCH("second induction",_xlpm.txt),0)>0,IFERROR(SEARCH("quotation",_xlpm.txt),0)>0),"DIW/Cost Review",OR(IFERROR(SEARCH("swap",_xlpm.txt),0)>0,IFERROR(SEARCH("off-module",_xlpm.txt),0)>0,IFERROR(SEARCH("off module",_xlpm.txt),0)>0,IFERROR(SEARCH("dispatch module",_xlpm.txt),0)>0),"Swap Module",OR(IFERROR(SEARCH("notif",_xlpm.txt),0)>0,IFERROR(SEARCH("line manager",_xlpm.txt),0)>0,IFERROR(SEARCH("reject reason",_xlpm.txt),0)>0,IFERROR(SEARCH("approval",_xlpm.txt),0)>0,IFERROR(SEARCH("approve",_xlpm.txt),0)>0),"Notification",IFERROR(SEARCH("calendar",_xlpm.txt),0)>0,"Task Owner View",OR(IFERROR(SEARCH("task owner",_xlpm.txt),0)>0,IFERROR(SEARCH("pcd",_xlpm.txt),0)>0,IFERROR(SEARCH("acd",_xlpm.txt),0)>0,IFERROR(SEARCH("actual completion",_xlpm.txt),0)>0,IFERROR(SEARCH("delay",_xlpm.txt),0)>0,IFERROR(SEARCH("task ",_xlpm.txt),0)>0,IFERROR(SEARCH("tasks",_xlpm.txt),0)>0),"Task Owner Action",TRUE,"Other / General"))} -> Notification | S24: {=_xlfn.LET(_xlpm.txt,LOWER(B24&" "&C24&" "&F24&" "&M24&" "&O24),_xlfn.IFS(IFERROR(SEARCH("diw",_xlpm.txt),0)>0,"diw",IFERROR(SEARCH("cost review",_xlpm.txt),0)>0,"cost review",IFERROR(SEARCH("re-induction",_xlpm.txt),0)>0,"re-induction",IFERROR(SEARCH("second induction",_xlpm.txt),0)>0,"second induction",IFERROR(SEARCH("quotation",_xlpm.txt),0)>0,"quotation",IFERROR(SEARCH("swap",_xlpm.txt),0)>0,"swap",IFERROR(SEARCH("off-module",_xlpm.txt),0)>0,"off-module",IFERROR(SEARCH("off module",_xlpm.txt),0)>0,"off module",IFERROR(SEARCH("dispatch module",_xlpm.txt),0)>0,"dispatch module",IFERROR(SEARCH("notif",_xlpm.txt),0)>0,"notification",IFERROR(SEARCH("line manager",_xlpm.txt),0)>0,"line manager",IFERROR(SEARCH("reject reason",_xlpm.txt),0)>0,"reject reason",IFERROR(SEARCH("approval",_xlpm.txt),0)>0,"approval",IFERROR(SEARCH("approve",_xlpm.txt),0)>0,"approve",IFERROR(SEARCH("calendar",_xlpm.txt),0)>0,"calendar",IFERROR(SEARCH("task owner",_xlpm.txt),0)>0,"task owner",IFERROR(SEARCH("pcd",_xlpm.txt),0)>0,"PCD",IFERROR(SEARCH("acd",_xlpm.txt),0)>0,"ACD",IFERROR(SEARCH("actual completion",_xlpm.txt),0)>0,"actual completion",IFERROR(SEARCH("delay",_xlpm.txt),0)>0,"delay",IFERROR(SEARCH("task ",_xlpm.txt),0)>0,"task",IFERROR(SEARCH("tasks",_xlpm.txt),0)>0,"tasks",TRUE,"(no match)"))} -> notification | T24: Medium
A25: =raw!A197 -> 121 | B25: =raw!B197 -> streamer -> task (aw approval) | C25: =raw!C197 -> System | D25: =raw!D197 -> Must | E25: =raw!E197 -> Bug | F25: =raw!F197 -> some awaiting approve task click enabled button than click the cancel for approval.whatever the task input the ACD and the task will be disabled | G25: =raw!G197 -> 46126 | H25: =raw!H197 -> Ray | ... Q25: =raw!Q197 -> 0 | R25: {=_xlfn.LET(_xlpm.txt,LOWER(B25&" "&C25&" "&F25&" "&M25&" "&O25),_xlfn.IFS(OR(IFERROR(SEARCH("diw",_xlpm.txt),0)>0,IFERROR(SEARCH("cost review",_xlpm.txt),0)>0,IFERROR(SEARCH("re-induction",_xlpm.txt),0)>0,IFERROR(SEARCH("second induction",_xlpm.txt),0)>0,IFERROR(SEARCH("quotation",_xlpm.txt),0)>0),"DIW/Cost Review",OR(IFERROR(SEARCH("swap",_xlpm.txt),0)>0,IFERROR(SEARCH("off-module",_xlpm.txt),0)>0,IFERROR(SEARCH("off module",_xlpm.txt),0)>0,IFERROR(SEARCH("dispatch module",_xlpm.txt),0)>0),"Swap Module",OR(IFERROR(SEARCH("notif",_xlpm.txt),0)>0,IFERROR(SEARCH("line manager",_xlpm.txt),0)>0,IFERROR(SEARCH("reject reason",_xlpm.txt),0)>0,IFERROR(SEARCH("approval",_xlpm.txt),0)>0,IFERROR(SEARCH("approve",_xlpm.txt),0)>0),"Notification",IFERROR(SEARCH("calendar",_xlpm.txt),0)>0,"Task Owner View",OR(IFERROR(SEARCH("task owner",_xlpm.txt),0)>0,IFERROR(SEARCH("pcd",_xlpm.txt),0)>0,IFERROR(SEARCH("acd",_xlpm.txt),0)>0,IFERROR(SEARCH("actual completion",_xlpm.txt),0)>0,IFERROR(SEARCH("delay",_xlpm.txt),0)>0,IFERROR(SEARCH("task ",_xlpm.txt),0)>0,IFERROR(SEARCH("tasks",_xlpm.txt),0)>0),"Task Owner Action",TRUE,"Other / General"))} -> Notification | S25: {=_xlfn.LET(_xlpm.txt,LOWER(B25&" "&C25&" "&F25&" "&M25&" "&O25),_xlfn.IFS(IFERROR(SEARCH("diw",_xlpm.txt),0)>0,"diw",IFERROR(SEARCH("cost review",_xlpm.txt),0)>0,"cost review",IFERROR(SEARCH("re-induction",_xlpm.txt),0)>0,"re-induction",IFERROR(SEARCH("second induction",_xlpm.txt),0)>0,"second induction",IFERROR(SEARCH("quotation",_xlpm.txt),0)>0,"quotation",IFERROR(SEARCH("swap",_xlpm.txt),0)>0,"swap",IFERROR(SEARCH("off-module",_xlpm.txt),0)>0,"off-module",IFERROR(SEARCH("off module",_xlpm.txt),0)>0,"off module",IFERROR(SEARCH("dispatch module",_xlpm.txt),0)>0,"dispatch module",IFERROR(SEARCH("notif",_xlpm.txt),0)>0,"notification",IFERROR(SEARCH("line manager",_xlpm.txt),0)>0,"line manager",IFERROR(SEARCH("reject reason",_xlpm.txt),0)>0,"reject reason",IFERROR(SEARCH("approval",_xlpm.txt),0)>0,"approval",IFERROR(SEARCH("approve",_xlpm.txt),0)>0,"approve",IFERROR(SEARCH("calendar",_xlpm.txt),0)>0,"calendar",IFERROR(SEARCH("task owner",_xlpm.txt),0)>0,"task owner",IFERROR(SEARCH("pcd",_xlpm.txt),0)>0,"PCD",IFERROR(SEARCH("acd",_xlpm.txt),0)>0,"ACD",IFERROR(SEARCH("actual completion",_xlpm.txt),0)>0,"actual completion",IFERROR(SEARCH("delay",_xlpm.txt),0)>0,"delay",IFERROR(SEARCH("task ",_xlpm.txt),0)>0,"task",IFERROR(SEARCH("tasks",_xlpm.txt),0)>0,"tasks",TRUE,"(no match)"))} -> approval | T25: Medium
A26: =raw!A211 -> 131 | B26: =raw!B211 -> Task Owner > Task Update | C26: =raw!C211 -> System | D26: =raw!D211 -> Must | E26: =raw!E211 -> Bug | F26: =raw!F211 -> Request to remove Actual Complation Date and request for approval was sent and approved. The Actual Completion still not removed. | G26: =raw!G211 -> 46128 | H26: =raw!H211 -> Eugene | ... Q26: =raw!Q211 -> 0 | R26: {=_xlfn.LET(_xlpm.txt,LOWER(B26&" "&C26&" "&F26&" "&M26&" "&O26),_xlfn.IFS(OR(IFERROR(SEARCH("diw",_xlpm.txt),0)>0,IFERROR(SEARCH("cost review",_xlpm.txt),0)>0,IFERROR(SEARCH("re-induction",_xlpm.txt),0)>0,IFERROR(SEARCH("second induction",_xlpm.txt),0)>0,IFERROR(SEARCH("quotation",_xlpm.txt),0)>0),"DIW/Cost Review",OR(IFERROR(SEARCH("swap",_xlpm.txt),0)>0,IFERROR(SEARCH("off-module",_xlpm.txt),0)>0,IFERROR(SEARCH("off module",_xlpm.txt),0)>0,IFERROR(SEARCH("dispatch module",_xlpm.txt),0)>0),"Swap Module",OR(IFERROR(SEARCH("notif",_xlpm.txt),0)>0,IFERROR(SEARCH("line manager",_xlpm.txt),0)>0,IFERROR(SEARCH("reject reason",_xlpm.txt),0)>0,IFERROR(SEARCH("approval",_xlpm.txt),0)>0,IFERROR(SEARCH("approve",_xlpm.txt),0)>0),"Notification",IFERROR(SEARCH("calendar",_xlpm.txt),0)>0,"Task Owner View",OR(IFERROR(SEARCH("task owner",_xlpm.txt),0)>0,IFERROR(SEARCH("pcd",_xlpm.txt),0)>0,IFERROR(SEARCH("acd",_xlpm.txt),0)>0,IFERROR(SEARCH("actual completion",_xlpm.txt),0)>0,IFERROR(SEARCH("delay",_xlpm.txt),0)>0,IFERROR(SEARCH("task ",_xlpm.txt),0)>0,IFERROR(SEARCH("tasks",_xlpm.txt),0)>0),"Task Owner Action",TRUE,"Other / General"))} -> Notification | S26: {=_xlfn.LET(_xlpm.txt,LOWER(B26&" "&C26&" "&F26&" "&M26&" "&O26),_xlfn.IFS(IFERROR(SEARCH("diw",_xlpm.txt),0)>0,"diw",IFERROR(SEARCH("cost review",_xlpm.txt),0)>0,"cost review",IFERROR(SEARCH("re-induction",_xlpm.txt),0)>0,"re-induction",IFERROR(SEARCH("second induction",_xlpm.txt),0)>0,"second induction",IFERROR(SEARCH("quotation",_xlpm.txt),0)>0,"quotation",IFERROR(SEARCH("swap",_xlpm.txt),0)>0,"swap",IFERROR(SEARCH("off-module",_xlpm.txt),0)>0,"off-module",IFERROR(SEARCH("off module",_xlpm.txt),0)>0,"off module",IFERROR(SEARCH("dispatch module",_xlpm.txt),0)>0,"dispatch module",IFERROR(SEARCH("notif",_xlpm.txt),0)>0,"notification",IFERROR(SEARCH("line manager",_xlpm.txt),0)>0,"line manager",IFERROR(SEARCH("reject reason",_xlpm.txt),0)>0,"reject reason",IFERROR(SEARCH("approval",_xlpm.txt),0)>0,"approval",IFERROR(SEARCH("approve",_xlpm.txt),0)>0,"approve",IFERROR(SEARCH("calendar",_xlpm.txt),0)>0,"calendar",IFERROR(SEARCH("task owner",_xlpm.txt),0)>0,"task owner",IFERROR(SEARCH("pcd",_xlpm.txt),0)>0,"PCD",IFERROR(SEARCH("acd",_xlpm.txt),0)>0,"ACD",IFERROR(SEARCH("actual completion",_xlpm.txt),0)>0,"actual completion",IFERROR(SEARCH("delay",_xlpm.txt),0)>0,"delay",IFERROR(SEARCH("task ",_xlpm.txt),0)>0,"task",IFERROR(SEARCH("tasks",_xlpm.txt),0)>0,"tasks",TRUE,"(no match)"))} -> approval | T26: High
A27: =raw!A217 -> 135 | B27: =raw!B217 -> Notification | C27: =raw!C217 -> System | D27: =raw!D217 -> Must | E27: =raw!E217 -> Bug | F27: =raw!F217 -> In the view all page, we found that the date column in the date format, user can not sort the data by date, please check all the column data type | G27: =raw!G217 -> 46129 | H27: =raw!H217 -> Ricky | ... Q27: =raw!Q217 -> 0 | R27: {=_xlfn.LET(_xlpm.txt,LOWER(B27&" "&C27&" "&F27&" "&M27&" "&O27),_xlfn.IFS(OR(IFERROR(SEARCH("diw",_xlpm.txt),0)>0,IFERROR(SEARCH("cost review",_xlpm.txt),0)>0,IFERROR(SEARCH("re-induction",_xlpm.txt),0)>0,IFERROR(SEARCH("second induction",_xlpm.txt),0)>0,IFERROR(SEARCH("quotation",_xlpm.txt),0)>0),"DIW/Cost Review",OR(IFERROR(SEARCH("swap",_xlpm.txt),0)>0,IFERROR(SEARCH("off-module",_xlpm.txt),0)>0,IFERROR(SEARCH("off module",_xlpm.txt),0)>0,IFERROR(SEARCH("dispatch module",_xlpm.txt),0)>0),"Swap Module",OR(IFERROR(SEARCH("notif",_xlpm.txt),0)>0,IFERROR(SEARCH("line manager",_xlpm.txt),0)>0,IFERROR(SEARCH("reject reason",_xlpm.txt),0)>0,IFERROR(SEARCH("approval",_xlpm.txt),0)>0,IFERROR(SEARCH("approve",_xlpm.txt),0)>0),"Notification",IFERROR(SEARCH("calendar",_xlpm.txt),0)>0,"Task Owner View",OR(IFERROR(SEARCH("task owner",_xlpm.txt),0)>0,IFERROR(SEARCH("pcd",_xlpm.txt),0)>0,IFERROR(SEARCH("acd",_xlpm.txt),0)>0,IFERROR(SEARCH("actual completion",_xlpm.txt),0)>0,IFERROR(SEARCH("delay",_xlpm.txt),0)>0,IFERROR(SEARCH("task ",_xlpm.txt),0)>0,IFERROR(SEARCH("tasks",_xlpm.txt),0)>0),"Task Owner Action",TRUE,"Other / General"))} -> Notification | S27: {=_xlfn.LET(_xlpm.txt,LOWER(B27&" "&C27&" "&F27&" "&M27&" "&O27),_xlfn.IFS(IFERROR(SEARCH("diw",_xlpm.txt),0)>0,"diw",IFERROR(SEARCH("cost review",_xlpm.txt),0)>0,"cost review",IFERROR(SEARCH("re-induction",_xlpm.txt),0)>0,"re-induction",IFERROR(SEARCH("second induction",_xlpm.txt),0)>0,"second induction",IFERROR(SEARCH("quotation",_xlpm.txt),0)>0,"quotation",IFERROR(SEARCH("swap",_xlpm.txt),0)>0,"swap",IFERROR(SEARCH("off-module",_xlpm.txt),0)>0,"off-module",IFERROR(SEARCH("off module",_xlpm.txt),0)>0,"off module",IFERROR(SEARCH("dispatch module",_xlpm.txt),0)>0,"dispatch module",IFERROR(SEARCH("notif",_xlpm.txt),0)>0,"notification",IFERROR(SEARCH("line manager",_xlpm.txt),0)>0,"line manager",IFERROR(SEARCH("reject reason",_xlpm.txt),0)>0,"reject reason",IFERROR(SEARCH("approval",_xlpm.txt),0)>0,"approval",IFERROR(SEARCH("approve",_xlpm.txt),0)>0,"approve",IFERROR(SEARCH("calendar",_xlpm.txt),0)>0,"calendar",IFERROR(SEARCH("task owner",_xlpm.txt),0)>0,"task owner",IFERROR(SEARCH("pcd",_xlpm.txt),0)>0,"PCD",IFERROR(SEARCH("acd",_xlpm.txt),0)>0,"ACD",IFERROR(SEARCH("actual completion",_xlpm.txt),0)>0,"actual completion",IFERROR(SEARCH("delay",_xlpm.txt),0)>0,"delay",IFERROR(SEARCH("task ",_xlpm.txt),0)>0,"task",IFERROR(SEARCH("tasks",_xlpm.txt),0)>0,"tasks",TRUE,"(no match)"))} -> notification | T27: Low
A28: =raw!A219 -> 137 | B28: =raw!B219 -> Notification - Approval Task | C28: =raw!C219 -> System | D28: =raw!D219 -> Should | E28: =raw!E219 -> Rework | F28: =raw!F219 -> For Task approval Line manager require more information to take action, missing sales order, not declare it is a backdate approval or ACD change approval, missing task name. Could system redirect to the task pop up by clicking on the approval notification? Remove the "X" in approval notification list, to avoid Line manager skip/missing any pending approval task. | G28: =raw!G219 -> 46129 | H28: =raw!H219 -> Various | ... Q28: =raw!Q219 -> 0 | R28: {=_xlfn.LET(_xlpm.txt,LOWER(B28&" "&C28&" "&F28&" "&M28&" "&O28),_xlfn.IFS(OR(IFERROR(SEARCH("diw",_xlpm.txt),0)>0,IFERROR(SEARCH("cost review",_xlpm.txt),0)>0,IFERROR(SEARCH("re-induction",_xlpm.txt),0)>0,IFERROR(SEARCH("second induction",_xlpm.txt),0)>0,IFERROR(SEARCH("quotation",_xlpm.txt),0)>0),"DIW/Cost Review",OR(IFERROR(SEARCH("swap",_xlpm.txt),0)>0,IFERROR(SEARCH("off-module",_xlpm.txt),0)>0,IFERROR(SEARCH("off module",_xlpm.txt),0)>0,IFERROR(SEARCH("dispatch module",_xlpm.txt),0)>0),"Swap Module",OR(IFERROR(SEARCH("notif",_xlpm.txt),0)>0,IFERROR(SEARCH("line manager",_xlpm.txt),0)>0,IFERROR(SEARCH("reject reason",_xlpm.txt),0)>0,IFERROR(SEARCH("approval",_xlpm.txt),0)>0,IFERROR(SEARCH("approve",_xlpm.txt),0)>0),"Notification",IFERROR(SEARCH("calendar",_xlpm.txt),0)>0,"Task Owner View",OR(IFERROR(SEARCH("task owner",_xlpm.txt),0)>0,IFERROR(SEARCH("pcd",_xlpm.txt),0)>0,IFERROR(SEARCH("acd",_xlpm.txt),0)>0,IFERROR(SEARCH("actual completion",_xlpm.txt),0)>0,IFERROR(SEARCH("delay",_xlpm.txt),0)>0,IFERROR(SEARCH("task ",_xlpm.txt),0)>0,IFERROR(SEARCH("tasks",_xlpm.txt),0)>0),"Task Owner Action",TRUE,"Other / General"))} -> Notification | S28: {=_xlfn.LET(_xlpm.txt,LOWER(B28&" "&C28&" "&F28&" "&M28&" "&O28),_xlfn.IFS(IFERROR(SEARCH("diw",_xlpm.txt),0)>0,"diw",IFERROR(SEARCH("cost review",_xlpm.txt),0)>0,"cost review",IFERROR(SEARCH("re-induction",_xlpm.txt),0)>0,"re-induction",IFERROR(SEARCH("second induction",_xlpm.txt),0)>0,"second induction",IFERROR(SEARCH("quotation",_xlpm.txt),0)>0,"quotation",IFERROR(SEARCH("swap",_xlpm.txt),0)>0,"swap",IFERROR(SEARCH("off-module",_xlpm.txt),0)>0,"off-module",IFERROR(SEARCH("off module",_xlpm.txt),0)>0,"off module",IFERROR(SEARCH("dispatch module",_xlpm.txt),0)>0,"dispatch module",IFERROR(SEARCH("notif",_xlpm.txt),0)>0,"notification",IFERROR(SEARCH("line manager",_xlpm.txt),0)>0,"line manager",IFERROR(SEARCH("reject reason",_xlpm.txt),0)>0,"reject reason",IFERROR(SEARCH("approval",_xlpm.txt),0)>0,"approval",IFERROR(SEARCH("approve",_xlpm.txt),0)>0,"approve",IFERROR(SEARCH("calendar",_xlpm.txt),0)>0,"calendar",IFERROR(SEARCH("task owner",_xlpm.txt),0)>0,"task owner",IFERROR(SEARCH("pcd",_xlpm.txt),0)>0,"PCD",IFERROR(SEARCH("acd",_xlpm.txt),0)>0,"ACD",IFERROR(SEARCH("actual completion",_xlpm.txt),0)>0,"actual completion",IFERROR(SEARCH("delay",_xlpm.txt),0)>0,"delay",IFERROR(SEARCH("task ",_xlpm.txt),0)>0,"task",IFERROR(SEARCH("tasks",_xlpm.txt),0)>0,"tasks",TRUE,"(no match)"))} -> notification | T28: High
A29: =raw!A222 -> 139 | B29: =raw!B222 -> Notification | C29: =raw!C222 -> System | D29: =raw!D222 -> Should | E29: =raw!E222 -> Rework | F29: =raw!F222 -> Each notification allow me to redirect to the corresponding streamer/task for follow up | G29: =raw!G222 -> 46129 | H29: =raw!H222 -> Various | ... Q29: =raw!Q222 -> 0 | R29: {=_xlfn.LET(_xlpm.txt,LOWER(B29&" "&C29&" "&F29&" "&M29&" "&O29),_xlfn.IFS(OR(IFERROR(SEARCH("diw",_xlpm.txt),0)>0,IFERROR(SEARCH("cost review",_xlpm.txt),0)>0,IFERROR(SEARCH("re-induction",_xlpm.txt),0)>0,IFERROR(SEARCH("second induction",_xlpm.txt),0)>0,IFERROR(SEARCH("quotation",_xlpm.txt),0)>0),"DIW/Cost Review",OR(IFERROR(SEARCH("swap",_xlpm.txt),0)>0,IFERROR(SEARCH("off-module",_xlpm.txt),0)>0,IFERROR(SEARCH("off module",_xlpm.txt),0)>0,IFERROR(SEARCH("dispatch module",_xlpm.txt),0)>0),"Swap Module",OR(IFERROR(SEARCH("notif",_xlpm.txt),0)>0,IFERROR(SEARCH("line manager",_xlpm.txt),0)>0,IFERROR(SEARCH("reject reason",_xlpm.txt),0)>0,IFERROR(SEARCH("approval",_xlpm.txt),0)>0,IFERROR(SEARCH("approve",_xlpm.txt),0)>0),"Notification",IFERROR(SEARCH("calendar",_xlpm.txt),0)>0,"Task Owner View",OR(IFERROR(SEARCH("task owner",_xlpm.txt),0)>0,IFERROR(SEARCH("pcd",_xlpm.txt),0)>0,IFERROR(SEARCH("acd",_xlpm.txt),0)>0,IFERROR(SEARCH("actual completion",_xlpm.txt),0)>0,IFERROR(SEARCH("delay",_xlpm.txt),0)>0,IFERROR(SEARCH("task ",_xlpm.txt),0)>0,IFERROR(SEARCH("tasks",_xlpm.txt),0)>0),"Task Owner Action",TRUE,"Other / General"))} -> Notification | S29: {=_xlfn.LET(_xlpm.txt,LOWER(B29&" "&C29&" "&F29&" "&M29&" "&O29),_xlfn.IFS(IFERROR(SEARCH("diw",_xlpm.txt),0)>0,"diw",IFERROR(SEARCH("cost review",_xlpm.txt),0)>0,"cost review",IFERROR(SEARCH("re-induction",_xlpm.txt),0)>0,"re-induction",IFERROR(SEARCH("second induction",_xlpm.txt),0)>0,"second induction",IFERROR(SEARCH("quotation",_xlpm.txt),0)>0,"quotation",IFERROR(SEARCH("swap",_xlpm.txt),0)>0,"swap",IFERROR(SEARCH("off-module",_xlpm.txt),0)>0,"off-module",IFERROR(SEARCH("off module",_xlpm.txt),0)>0,"off module",IFERROR(SEARCH("dispatch module",_xlpm.txt),0)>0,"dispatch module",IFERROR(SEARCH("notif",_xlpm.txt),0)>0,"notification",IFERROR(SEARCH("line manager",_xlpm.txt),0)>0,"line manager",IFERROR(SEARCH("reject reason",_xlpm.txt),0)>0,"reject reason",IFERROR(SEARCH("approval",_xlpm.txt),0)>0,"approval",IFERROR(SEARCH("approve",_xlpm.txt),0)>0,"approve",IFERROR(SEARCH("calendar",_xlpm.txt),0)>0,"calendar",IFERROR(SEARCH("task owner",_xlpm.txt),0)>0,"task owner",IFERROR(SEARCH("pcd",_xlpm.txt),0)>0,"PCD",IFERROR(SEARCH("acd",_xlpm.txt),0)>0,"ACD",IFERROR(SEARCH("actual completion",_xlpm.txt),0)>0,"actual completion",IFERROR(SEARCH("delay",_xlpm.txt),0)>0,"delay",IFERROR(SEARCH("task ",_xlpm.txt),0)>0,"task",IFERROR(SEARCH("tasks",_xlpm.txt),0)>0,"tasks",TRUE,"(no match)"))} -> notification | T29: Medium
A30: =raw!A226 -> 142 | B30: =raw!B226 -> Tasks | C30: =raw!C226 -> System | D30: =raw!D226 -> Must | E30: =raw!E226 -> Rework | F30: =raw!F226 -> As a task owner, how could I know the pending approval task was approved or rejected? | G30: =raw!G226 -> 46129 | H30: =raw!H226 -> Various | ... Q30: =raw!Q226 -> 0 | R30: {=_xlfn.LET(_xlpm.txt,LOWER(B30&" "&C30&" "&F30&" "&M30&" "&O30),_xlfn.IFS(OR(IFERROR(SEARCH("diw",_xlpm.txt),0)>0,IFERROR(SEARCH("cost review",_xlpm.txt),0)>0,IFERROR(SEARCH("re-induction",_xlpm.txt),0)>0,IFERROR(SEARCH("second induction",_xlpm.txt),0)>0,IFERROR(SEARCH("quotation",_xlpm.txt),0)>0),"DIW/Cost Review",OR(IFERROR(SEARCH("swap",_xlpm.txt),0)>0,IFERROR(SEARCH("off-module",_xlpm.txt),0)>0,IFERROR(SEARCH("off module",_xlpm.txt),0)>0,IFERROR(SEARCH("dispatch module",_xlpm.txt),0)>0),"Swap Module",OR(IFERROR(SEARCH("notif",_xlpm.txt),0)>0,IFERROR(SEARCH("line manager",_xlpm.txt),0)>0,IFERROR(SEARCH("reject reason",_xlpm.txt),0)>0,IFERROR(SEARCH("approval",_xlpm.txt),0)>0,IFERROR(SEARCH("approve",_xlpm.txt),0)>0),"Notification",IFERROR(SEARCH("calendar",_xlpm.txt),0)>0,"Task Owner View",OR(IFERROR(SEARCH("task owner",_xlpm.txt),0)>0,IFERROR(SEARCH("pcd",_xlpm.txt),0)>0,IFERROR(SEARCH("acd",_xlpm.txt),0)>0,IFERROR(SEARCH("actual completion",_xlpm.txt),0)>0,IFERROR(SEARCH("delay",_xlpm.txt),0)>0,IFERROR(SEARCH("task ",_xlpm.txt),0)>0,IFERROR(SEARCH("tasks",_xlpm.txt),0)>0),"Task Owner Action",TRUE,"Other / General"))} -> Notification | S30: {=_xlfn.LET(_xlpm.txt,LOWER(B30&" "&C30&" "&F30&" "&M30&" "&O30),_xlfn.IFS(IFERROR(SEARCH("diw",_xlpm.txt),0)>0,"diw",IFERROR(SEARCH("cost review",_xlpm.txt),0)>0,"cost review",IFERROR(SEARCH("re-induction",_xlpm.txt),0)>0,"re-induction",IFERROR(SEARCH("second induction",_xlpm.txt),0)>0,"second induction",IFERROR(SEARCH("quotation",_xlpm.txt),0)>0,"quotation",IFERROR(SEARCH("swap",_xlpm.txt),0)>0,"swap",IFERROR(SEARCH("off-module",_xlpm.txt),0)>0,"off-module",IFERROR(SEARCH("off module",_xlpm.txt),0)>0,"off module",IFERROR(SEARCH("dispatch module",_xlpm.txt),0)>0,"dispatch module",IFERROR(SEARCH("notif",_xlpm.txt),0)>0,"notification",IFERROR(SEARCH("line manager",_xlpm.txt),0)>0,"line manager",IFERROR(SEARCH("reject reason",_xlpm.txt),0)>0,"reject reason",IFERROR(SEARCH("approval",_xlpm.txt),0)>0,"approval",IFERROR(SEARCH("approve",_xlpm.txt),0)>0,"approve",IFERROR(SEARCH("calendar",_xlpm.txt),0)>0,"calendar",IFERROR(SEARCH("task owner",_xlpm.txt),0)>0,"task owner",IFERROR(SEARCH("pcd",_xlpm.txt),0)>0,"PCD",IFERROR(SEARCH("acd",_xlpm.txt),0)>0,"ACD",IFERROR(SEARCH("actual completion",_xlpm.txt),0)>0,"actual completion",IFERROR(SEARCH("delay",_xlpm.txt),0)>0,"delay",IFERROR(SEARCH("task ",_xlpm.txt),0)>0,"task",IFERROR(SEARCH("tasks",_xlpm.txt),0)>0,"tasks",TRUE,"(no match)"))} -> notification | T30: Medium
A31: =raw!A3 -> 2 | B31: =raw!B3 -> Admin - Template Management | C31: =raw!C3 -> UI | D31: =raw!D3 -> Must | E31: =raw!E3 -> Bug | F31: =_xlfn.TEXTJOIN(CHAR(10),TRUE,raw!F3:F4) -> Please remove "Hospital", "Check & Repair", "1st Refurbishment", "2nd Refurbishment", "Mature Refurbishment" from the dropdown list. Add "OH" in the list | G31: =raw!G3 -> 46097 | H31: =raw!H3 -> Ray | I31: =raw!I3 -> Refer to Screen Capture | J31: =raw!J3 -> Bug | K31: =raw!K3 -> P4 | L31: =raw!L3 -> 0 | M31: =_xlfn.TEXTJOIN(CHAR(10),TRUE,raw!M3:M4) -> Entries to be removed | N31: =raw!N3 -> 0 | O31: =_xlfn.TEXTJOIN(CHAR(10),TRUE,raw!O3:O4) -> Low, no issue now | P31: =raw!P3 -> 0 | Q31: =raw!Q3 -> Fixed | R31: {=_xlfn.LET(_xlpm.txt,LOWER(B31&" "&C31&" "&F31&" "&M31&" "&O31),_xlfn.IFS(OR(IFERROR(SEARCH("diw",_xlpm.txt),0)>0,IFERROR(SEARCH("cost review",_xlpm.txt),0)>0,IFERROR(SEARCH("re-induction",_xlpm.txt),0)>0,IFERROR(SEARCH("second induction",_xlpm.txt),0)>0,IFERROR(SEARCH("quotation",_xlpm.txt),0)>0),"DIW/Cost Review",OR(IFERROR(SEARCH("swap",_xlpm.txt),0)>0,IFERROR(SEARCH("off-module",_xlpm.txt),0)>0,IFERROR(SEARCH("off module",_xlpm.txt),0)>0,IFERROR(SEARCH("dispatch module",_xlpm.txt),0)>0),"Swap Module",OR(IFERROR(SEARCH("notif",_xlpm.txt),0)>0,IFERROR(SEARCH("line manager",_xlpm.txt),0)>0,IFERROR(SEARCH("reject reason",_xlpm.txt),0)>0,IFERROR(SEARCH("approval",_xlpm.txt),0)>0,IFERROR(SEARCH("approve",_xlpm.txt),0)>0),"Notification",IFERROR(SEARCH("calendar",_xlpm.txt),0)>0,"Task Owner View",OR(IFERROR(SEARCH("task owner",_xlpm.txt),0)>0,IFERROR(SEARCH("pcd",_xlpm.txt),0)>0,IFERROR(SEARCH("acd",_xlpm.txt),0)>0,IFERROR(SEARCH("actual completion",_xlpm.txt),0)>0,IFERROR(SEARCH("delay",_xlpm.txt),0)>0,IFERROR(SEARCH("task ",_xlpm.txt),0)>0,IFERROR(SEARCH("tasks",_xlpm.txt),0)>0),"Task Owner Action",TRUE,"Other / General"))} -> Other / General | S31: {=_xlfn.LET(_xlpm.txt,LOWER(B31&" "&C31&" "&F31&" "&M31&" "&O31),_xlfn.IFS(IFERROR(SEARCH("diw",_xlpm.txt),0)>0,"diw",IFERROR(SEARCH("cost review",_xlpm.txt),0)>0,"cost review",IFERROR(SEARCH("re-induction",_xlpm.txt),0)>0,"re-induction",IFERROR(SEARCH("second induction",_xlpm.txt),0)>0,"second induction",IFERROR(SEARCH("quotation",_xlpm.txt),0)>0,"quotation",IFERROR(SEARCH("swap",_xlpm.txt),0)>0,"swap",IFERROR(SEARCH("off-module",_xlpm.txt),0)>0,"off-module",IFERROR(SEARCH("off module",_xlpm.txt),0)>0,"off module",IFERROR(SEARCH("dispatch module",_xlpm.txt),0)>0,"dispatch module",IFERROR(SEARCH("notif",_xlpm.txt),0)>0,"notification",IFERROR(SEARCH("line manager",_xlpm.txt),0)>0,"line manager",IFERROR(SEARCH("reject reason",_xlpm.txt),0)>0,"reject reason",IFERROR(SEARCH("approval",_xlpm.txt),0)>0,"approval",IFERROR(SEARCH("approve",_xlpm.txt),0)>0,"approve",IFERROR(SEARCH("calendar",_xlpm.txt),0)>0,"calendar",IFERROR(SEARCH("task owner",_xlpm.txt),0)>0,"task owner",IFERROR(SEARCH("pcd",_xlpm.txt),0)>0,"PCD",IFERROR(SEARCH("acd",_xlpm.txt),0)>0,"ACD",IFERROR(SEARCH("actual completion",_xlpm.txt),0)>0,"actual completion",IFERROR(SEARCH("delay",_xlpm.txt),0)>0,"delay",IFERROR(SEARCH("task ",_xlpm.txt),0)>0,"task",IFERROR(SEARCH("tasks",_xlpm.txt),0)>0,"tasks",TRUE,"(no match)"))} -> (no match) | T31: Low
A32: =raw!A5 -> 3 | B32: =raw!B5 -> Admin - Gate Setting | C32: =raw!C5 -> System | D32: =raw!D5 -> Must | E32: =raw!E5 -> Bug | F32: =raw!F5 -> Unable to show gate "1A" after create. | G32: =raw!G5 -> 46097 | H32: =raw!H5 -> Ray | ... Q32: =raw!Q5 -> Fixed | R32: {=_xlfn.LET(_xlpm.txt,LOWER(B32&" "&C32&" "&F32&" "&M32&" "&O32),_xlfn.IFS(OR(IFERROR(SEARCH("diw",_xlpm.txt),0)>0,IFERROR(SEARCH("cost review",_xlpm.txt),0)>0,IFERROR(SEARCH("re-induction",_xlpm.txt),0)>0,IFERROR(SEARCH("second induction",_xlpm.txt),0)>0,IFERROR(SEARCH("quotation",_xlpm.txt),0)>0),"DIW/Cost Review",OR(IFERROR(SEARCH("swap",_xlpm.txt),0)>0,IFERROR(SEARCH("off-module",_xlpm.txt),0)>0,IFERROR(SEARCH("off module",_xlpm.txt),0)>0,IFERROR(SEARCH("dispatch module",_xlpm.txt),0)>0),"Swap Module",OR(IFERROR(SEARCH("notif",_xlpm.txt),0)>0,IFERROR(SEARCH("line manager",_xlpm.txt),0)>0,IFERROR(SEARCH("reject reason",_xlpm.txt),0)>0,IFERROR(SEARCH("approval",_xlpm.txt),0)>0,IFERROR(SEARCH("approve",_xlpm.txt),0)>0),"Notification",IFERROR(SEARCH("calendar",_xlpm.txt),0)>0,"Task Owner View",OR(IFERROR(SEARCH("task owner",_xlpm.txt),0)>0,IFERROR(SEARCH("pcd",_xlpm.txt),0)>0,IFERROR(SEARCH("acd",_xlpm.txt),0)>0,IFERROR(SEARCH("actual completion",_xlpm.txt),0)>0,IFERROR(SEARCH("delay",_xlpm.txt),0)>0,IFERROR(SEARCH("task ",_xlpm.txt),0)>0,IFERROR(SEARCH("tasks",_xlpm.txt),0)>0),"Task Owner Action",TRUE,"Other / General"))} -> Other / General | S32: {=_xlfn.LET(_xlpm.txt,LOWER(B32&" "&C32&" "&F32&" "&M32&" "&O32),_xlfn.IFS(IFERROR(SEARCH("diw",_xlpm.txt),0)>0,"diw",IFERROR(SEARCH("cost review",_xlpm.txt),0)>0,"cost review",IFERROR(SEARCH("re-induction",_xlpm.txt),0)>0,"re-induction",IFERROR(SEARCH("second induction",_xlpm.txt),0)>0,"second induction",IFERROR(SEARCH("quotation",_xlpm.txt),0)>0,"quotation",IFERROR(SEARCH("swap",_xlpm.txt),0)>0,"swap",IFERROR(SEARCH("off-module",_xlpm.txt),0)>0,"off-module",IFERROR(SEARCH("off module",_xlpm.txt),0)>0,"off module",IFERROR(SEARCH("dispatch module",_xlpm.txt),0)>0,"dispatch module",IFERROR(SEARCH("notif",_xlpm.txt),0)>0,"notification",IFERROR(SEARCH("line manager",_xlpm.txt),0)>0,"line manager",IFERROR(SEARCH("reject reason",_xlpm.txt),0)>0,"reject reason",IFERROR(SEARCH("approval",_xlpm.txt),0)>0,"approval",IFERROR(SEARCH("approve",_xlpm.txt),0)>0,"approve",IFERROR(SEARCH("calendar",_xlpm.txt),0)>0,"calendar",IFERROR(SEARCH("task owner",_xlpm.txt),0)>0,"task owner",IFERROR(SEARCH("pcd",_xlpm.txt),0)>0,"PCD",IFERROR(SEARCH("acd",_xlpm.txt),0)>0,"ACD",IFERROR(SEARCH("actual completion",_xlpm.txt),0)>0,"actual completion",IFERROR(SEARCH("delay",_xlpm.txt),0)>0,"delay",IFERROR(SEARCH("task ",_xlpm.txt),0)>0,"task",IFERROR(SEARCH("tasks",_xlpm.txt),0)>0,"tasks",TRUE,"(no match)"))} -> (no match) | T32: Low
A33: =raw!A7 -> 5 | B33: =raw!B7 -> Planner - Create Streamer | C33: =raw!C7 -> System | D33: =raw!D7 -> Must | E33: =raw!E7 -> Bug | F33: =raw!F7 -> Induction date cannot be backdated. | G33: =raw!G7 -> 46097 | H33: =raw!H7 -> Ricky | ... Q33: =raw!Q7 -> Unstable Fix | R33: {=_xlfn.LET(_xlpm.txt,LOWER(B33&" "&C33&" "&F33&" "&M33&" "&O33),_xlfn.IFS(OR(IFERROR(SEARCH("diw",_xlpm.txt),0)>0,IFERROR(SEARCH("cost review",_xlpm.txt),0)>0,IFERROR(SEARCH("re-induction",_xlpm.txt),0)>0,IFERROR(SEARCH("second induction",_xlpm.txt),0)>0,IFERROR(SEARCH("quotation",_xlpm.txt),0)>0),"DIW/Cost Review",OR(IFERROR(SEARCH("swap",_xlpm.txt),0)>0,IFERROR(SEARCH("off-module",_xlpm.txt),0)>0,IFERROR(SEARCH("off module",_xlpm.txt),0)>0,IFERROR(SEARCH("dispatch module",_xlpm.txt),0)>0),"Swap Module",OR(IFERROR(SEARCH("notif",_xlpm.txt),0)>0,IFERROR(SEARCH("line manager",_xlpm.txt),0)>0,IFERROR(SEARCH("reject reason",_xlpm.txt),0)>0,IFERROR(SEARCH("approval",_xlpm.txt),0)>0,IFERROR(SEARCH("approve",_xlpm.txt),0)>0),"Notification",IFERROR(SEARCH("calendar",_xlpm.txt),0)>0,"Task Owner View",OR(IFERROR(SEARCH("task owner",_xlpm.txt),0)>0,IFERROR(SEARCH("pcd",_xlpm.txt),0)>0,IFERROR(SEARCH("acd",_xlpm.txt),0)>0,IFERROR(SEARCH("actual completion",_xlpm.txt),0)>0,IFERROR(SEARCH("delay",_xlpm.txt),0)>0,IFERROR(SEARCH("task ",_xlpm.txt),0)>0,IFERROR(SEARCH("tasks",_xlpm.txt),0)>0),"Task Owner Action",TRUE,"Other / General"))} -> Other / General | S33: {=_xlfn.LET(_xlpm.txt,LOWER(B33&" "&C33&" "&F33&" "&M33&" "&O33),_xlfn.IFS(IFERROR(SEARCH("diw",_xlpm.txt),0)>0,"diw",IFERROR(SEARCH("cost review",_xlpm.txt),0)>0,"cost review",IFERROR(SEARCH("re-induction",_xlpm.txt),0)>0,"re-induction",IFERROR(SEARCH("second induction",_xlpm.txt),0)>0,"second induction",IFERROR(SEARCH("quotation",_xlpm.txt),0)>0,"quotation",IFERROR(SEARCH("swap",_xlpm.txt),0)>0,"swap",IFERROR(SEARCH("off-module",_xlpm.txt),0)>0,"off-module",IFERROR(SEARCH("off module",_xlpm.txt),0)>0,"off module",IFERROR(SEARCH("dispatch module",_xlpm.txt),0)>0,"dispatch module",IFERROR(SEARCH("notif",_xlpm.txt),0)>0,"notification",IFERROR(SEARCH("line manager",_xlpm.txt),0)>0,"line manager",IFERROR(SEARCH("reject reason",_xlpm.txt),0)>0,"reject reason",IFERROR(SEARCH("approval",_xlpm.txt),0)>0,"approval",IFERROR(SEARCH("approve",_xlpm.txt),0)>0,"approve",IFERROR(SEARCH("calendar",_xlpm.txt),0)>0,"calendar",IFERROR(SEARCH("task owner",_xlpm.txt),0)>0,"task owner",IFERROR(SEARCH("pcd",_xlpm.txt),0)>0,"PCD",IFERROR(SEARCH("acd",_xlpm.txt),0)>0,"ACD",IFERROR(SEARCH("actual completion",_xlpm.txt),0)>0,"actual completion",IFERROR(SEARCH("delay",_xlpm.txt),0)>0,"delay",IFERROR(SEARCH("task ",_xlpm.txt),0)>0,"task",IFERROR(SEARCH("tasks",_xlpm.txt),0)>0,"tasks",TRUE,"(no match)"))} -> (no match) | T33: Medium
A34: =raw!A12 -> 10 | B34: =raw!B12 -> Planner - Create Streamer / Edit Streamer | C34: =raw!C12 -> System | D34: =raw!D12 -> Must | E34: =raw!E12 -> None | F34: =raw!F12 -> Inconsistency of value "Retain", if the row added by user, system shows "Retain", if the row is recongnise by PDF, system show "RETAIN". Please update all to capital letter. | G34: =raw!G12 -> 46098 | H34: =raw!H12 -> Ray | ... Q34: =raw!Q12 -> Fixed | R34: {=_xlfn.LET(_xlpm.txt,LOWER(B34&" "&C34&" "&F34&" "&M34&" "&O34),_xlfn.IFS(OR(IFERROR(SEARCH("diw",_xlpm.txt),0)>0,IFERROR(SEARCH("cost review",_xlpm.txt),0)>0,IFERROR(SEARCH("re-induction",_xlpm.txt),0)>0,IFERROR(SEARCH("second induction",_xlpm.txt),0)>0,IFERROR(SEARCH("quotation",_xlpm.txt),0)>0),"DIW/Cost Review",OR(IFERROR(SEARCH("swap",_xlpm.txt),0)>0,IFERROR(SEARCH("off-module",_xlpm.txt),0)>0,IFERROR(SEARCH("off module",_xlpm.txt),0)>0,IFERROR(SEARCH("dispatch module",_xlpm.txt),0)>0),"Swap Module",OR(IFERROR(SEARCH("notif",_xlpm.txt),0)>0,IFERROR(SEARCH("line manager",_xlpm.txt),0)>0,IFERROR(SEARCH("reject reason",_xlpm.txt),0)>0,IFERROR(SEARCH("approval",_xlpm.txt),0)>0,IFERROR(SEARCH("approve",_xlpm.txt),0)>0),"Notification",IFERROR(SEARCH("calendar",_xlpm.txt),0)>0,"Task Owner View",OR(IFERROR(SEARCH("task owner",_xlpm.txt),0)>0,IFERROR(SEARCH("pcd",_xlpm.txt),0)>0,IFERROR(SEARCH("acd",_xlpm.txt),0)>0,IFERROR(SEARCH("actual completion",_xlpm.txt),0)>0,IFERROR(SEARCH("delay",_xlpm.txt),0)>0,IFERROR(SEARCH("task ",_xlpm.txt),0)>0,IFERROR(SEARCH("tasks",_xlpm.txt),0)>0),"Task Owner Action",TRUE,"Other / General"))} -> Other / General | S34: {=_xlfn.LET(_xlpm.txt,LOWER(B34&" "&C34&" "&F34&" "&M34&" "&O34),_xlfn.IFS(IFERROR(SEARCH("diw",_xlpm.txt),0)>0,"diw",IFERROR(SEARCH("cost review",_xlpm.txt),0)>0,"cost review",IFERROR(SEARCH("re-induction",_xlpm.txt),0)>0,"re-induction",IFERROR(SEARCH("second induction",_xlpm.txt),0)>0,"second induction",IFERROR(SEARCH("quotation",_xlpm.txt),0)>0,"quotation",IFERROR(SEARCH("swap",_xlpm.txt),0)>0,"swap",IFERROR(SEARCH("off-module",_xlpm.txt),0)>0,"off-module",IFERROR(SEARCH("off module",_xlpm.txt),0)>0,"off module",IFERROR(SEARCH("dispatch module",_xlpm.txt),0)>0,"dispatch module",IFERROR(SEARCH("notif",_xlpm.txt),0)>0,"notification",IFERROR(SEARCH("line manager",_xlpm.txt),0)>0,"line manager",IFERROR(SEARCH("reject reason",_xlpm.txt),0)>0,"reject reason",IFERROR(SEARCH("approval",_xlpm.txt),0)>0,"approval",IFERROR(SEARCH("approve",_xlpm.txt),0)>0,"approve",IFERROR(SEARCH("calendar",_xlpm.txt),0)>0,"calendar",IFERROR(SEARCH("task owner",_xlpm.txt),0)>0,"task owner",IFERROR(SEARCH("pcd",_xlpm.txt),0)>0,"PCD",IFERROR(SEARCH("acd",_xlpm.txt),0)>0,"ACD",IFERROR(SEARCH("actual completion",_xlpm.txt),0)>0,"actual completion",IFERROR(SEARCH("delay",_xlpm.txt),0)>0,"delay",IFERROR(SEARCH("task ",_xlpm.txt),0)>0,"task",IFERROR(SEARCH("tasks",_xlpm.txt),0)>0,"tasks",TRUE,"(no match)"))} -> (no match) | T34: Low
A35: =raw!A13 -> 11 | B35: =raw!B13 -> Engine Type List | C35: =raw!C13 -> UI | D35: =raw!D13 -> Should | E35: =raw!E13 -> None | F35: =raw!F13 -> Sort the engine type list in alphabetical sequence | G35: =raw!G13 -> 46098 | H35: =raw!H13 -> Ray | ... Q35: =raw!Q13 -> Fixed | R35: {=_xlfn.LET(_xlpm.txt,LOWER(B35&" "&C35&" "&F35&" "&M35&" "&O35),_xlfn.IFS(OR(IFERROR(SEARCH("diw",_xlpm.txt),0)>0,IFERROR(SEARCH("cost review",_xlpm.txt),0)>0,IFERROR(SEARCH("re-induction",_xlpm.txt),0)>0,IFERROR(SEARCH("second induction",_xlpm.txt),0)>0,IFERROR(SEARCH("quotation",_xlpm.txt),0)>0),"DIW/Cost Review",OR(IFERROR(SEARCH("swap",_xlpm.txt),0)>0,IFERROR(SEARCH("off-module",_xlpm.txt),0)>0,IFERROR(SEARCH("off module",_xlpm.txt),0)>0,IFERROR(SEARCH("dispatch module",_xlpm.txt),0)>0),"Swap Module",OR(IFERROR(SEARCH("notif",_xlpm.txt),0)>0,IFERROR(SEARCH("line manager",_xlpm.txt),0)>0,IFERROR(SEARCH("reject reason",_xlpm.txt),0)>0,IFERROR(SEARCH("approval",_xlpm.txt),0)>0,IFERROR(SEARCH("approve",_xlpm.txt),0)>0),"Notification",IFERROR(SEARCH("calendar",_xlpm.txt),0)>0,"Task Owner View",OR(IFERROR(SEARCH("task owner",_xlpm.txt),0)>0,IFERROR(SEARCH("pcd",_xlpm.txt),0)>0,IFERROR(SEARCH("acd",_xlpm.txt),0)>0,IFERROR(SEARCH("actual completion",_xlpm.txt),0)>0,IFERROR(SEARCH("delay",_xlpm.txt),0)>0,IFERROR(SEARCH("task ",_xlpm.txt),0)>0,IFERROR(SEARCH("tasks",_xlpm.txt),0)>0),"Task Owner Action",TRUE,"Other / General"))} -> Other / General | S35: {=_xlfn.LET(_xlpm.txt,LOWER(B35&" "&C35&" "&F35&" "&M35&" "&O35),_xlfn.IFS(IFERROR(SEARCH("diw",_xlpm.txt),0)>0,"diw",IFERROR(SEARCH("cost review",_xlpm.txt),0)>0,"cost review",IFERROR(SEARCH("re-induction",_xlpm.txt),0)>0,"re-induction",IFERROR(SEARCH("second induction",_xlpm.txt),0)>0,"second induction",IFERROR(SEARCH("quotation",_xlpm.txt),0)>0,"quotation",IFERROR(SEARCH("swap",_xlpm.txt),0)>0,"swap",IFERROR(SEARCH("off-module",_xlpm.txt),0)>0,"off-module",IFERROR(SEARCH("off module",_xlpm.txt),0)>0,"off module",IFERROR(SEARCH("dispatch module",_xlpm.txt),0)>0,"dispatch module",IFERROR(SEARCH("notif",_xlpm.txt),0)>0,"notification",IFERROR(SEARCH("line manager",_xlpm.txt),0)>0,"line manager",IFERROR(SEARCH("reject reason",_xlpm.txt),0)>0,"reject reason",IFERROR(SEARCH("approval",_xlpm.txt),0)>0,"approval",IFERROR(SEARCH("approve",_xlpm.txt),0)>0,"approve",IFERROR(SEARCH("calendar",_xlpm.txt),0)>0,"calendar",IFERROR(SEARCH("task owner",_xlpm.txt),0)>0,"task owner",IFERROR(SEARCH("pcd",_xlpm.txt),0)>0,"PCD",IFERROR(SEARCH("acd",_xlpm.txt),0)>0,"ACD",IFERROR(SEARCH("actual completion",_xlpm.txt),0)>0,"actual completion",IFERROR(SEARCH("delay",_xlpm.txt),0)>0,"delay",IFERROR(SEARCH("task ",_xlpm.txt),0)>0,"task",IFERROR(SEARCH("tasks",_xlpm.txt),0)>0,"tasks",TRUE,"(no match)"))} -> (no match) | T35: Low
A36: =raw!A22 -> 16 | B36: =raw!B22 -> Input Type | C36: =raw!C22 -> UI | D36: =raw!D22 -> Should | E36: =raw!E22 -> None | F36: =raw!F22 -> Please update the default value to "Engine", currently is "Others". HAESL major business is "Engine". | G36: =raw!G22 -> 46098 | H36: =raw!H22 -> Ray | ... Q36: =raw!Q22 -> Fixed | R36: {=_xlfn.LET(_xlpm.txt,LOWER(B36&" "&C36&" "&F36&" "&M36&" "&O36),_xlfn.IFS(OR(IFERROR(SEARCH("diw",_xlpm.txt),0)>0,IFERROR(SEARCH("cost review",_xlpm.txt),0)>0,IFERROR(SEARCH("re-induction",_xlpm.txt),0)>0,IFERROR(SEARCH("second induction",_xlpm.txt),0)>0,IFERROR(SEARCH("quotation",_xlpm.txt),0)>0),"DIW/Cost Review",OR(IFERROR(SEARCH("swap",_xlpm.txt),0)>0,IFERROR(SEARCH("off-module",_xlpm.txt),0)>0,IFERROR(SEARCH("off module",_xlpm.txt),0)>0,IFERROR(SEARCH("dispatch module",_xlpm.txt),0)>0),"Swap Module",OR(IFERROR(SEARCH("notif",_xlpm.txt),0)>0,IFERROR(SEARCH("line manager",_xlpm.txt),0)>0,IFERROR(SEARCH("reject reason",_xlpm.txt),0)>0,IFERROR(SEARCH("approval",_xlpm.txt),0)>0,IFERROR(SEARCH("approve",_xlpm.txt),0)>0),"Notification",IFERROR(SEARCH("calendar",_xlpm.txt),0)>0,"Task Owner View",OR(IFERROR(SEARCH("task owner",_xlpm.txt),0)>0,IFERROR(SEARCH("pcd",_xlpm.txt),0)>0,IFERROR(SEARCH("acd",_xlpm.txt),0)>0,IFERROR(SEARCH("actual completion",_xlpm.txt),0)>0,IFERROR(SEARCH("delay",_xlpm.txt),0)>0,IFERROR(SEARCH("task ",_xlpm.txt),0)>0,IFERROR(SEARCH("tasks",_xlpm.txt),0)>0),"Task Owner Action",TRUE,"Other / General"))} -> Other / General | S36: {=_xlfn.LET(_xlpm.txt,LOWER(B36&" "&C36&" "&F36&" "&M36&" "&O36),_xlfn.IFS(IFERROR(SEARCH("diw",_xlpm.txt),0)>0,"diw",IFERROR(SEARCH("cost review",_xlpm.txt),0)>0,"cost review",IFERROR(SEARCH("re-induction",_xlpm.txt),0)>0,"re-induction",IFERROR(SEARCH("second induction",_xlpm.txt),0)>0,"second induction",IFERROR(SEARCH("quotation",_xlpm.txt),0)>0,"quotation",IFERROR(SEARCH("swap",_xlpm.txt),0)>0,"swap",IFERROR(SEARCH("off-module",_xlpm.txt),0)>0,"off-module",IFERROR(SEARCH("off module",_xlpm.txt),0)>0,"off module",IFERROR(SEARCH("dispatch module",_xlpm.txt),0)>0,"dispatch module",IFERROR(SEARCH("notif",_xlpm.txt),0)>0,"notification",IFERROR(SEARCH("line manager",_xlpm.txt),0)>0,"line manager",IFERROR(SEARCH("reject reason",_xlpm.txt),0)>0,"reject reason",IFERROR(SEARCH("approval",_xlpm.txt),0)>0,"approval",IFERROR(SEARCH("approve",_xlpm.txt),0)>0,"approve",IFERROR(SEARCH("calendar",_xlpm.txt),0)>0,"calendar",IFERROR(SEARCH("task owner",_xlpm.txt),0)>0,"task owner",IFERROR(SEARCH("pcd",_xlpm.txt),0)>0,"PCD",IFERROR(SEARCH("acd",_xlpm.txt),0)>0,"ACD",IFERROR(SEARCH("actual completion",_xlpm.txt),0)>0,"actual completion",IFERROR(SEARCH("delay",_xlpm.txt),0)>0,"delay",IFERROR(SEARCH("task ",_xlpm.txt),0)>0,"task",IFERROR(SEARCH("tasks",_xlpm.txt),0)>0,"tasks",TRUE,"(no match)"))} -> (no match) | T36: Low
A37: =raw!A23 -> 17 | B37: =raw!B23 -> System | C37: =raw!C23 -> System | D37: =raw!D23 -> Must | E37: =raw!E23 -> Bug | F37: =raw!F23 -> Unstable of system access, frequently time out/no response when access the system main page, active streamer page | G37: =raw!G23 -> 46098 | H37: =raw!H23 -> Ray | ... Q37: =raw!Q23 -> Not yet fix | R37: {=_xlfn.LET(_xlpm.txt,LOWER(B37&" "&C37&" "&F37&" "&M37&" "&O37),_xlfn.IFS(OR(IFERROR(SEARCH("diw",_xlpm.txt),0)>0,IFERROR(SEARCH("cost review",_xlpm.txt),0)>0,IFERROR(SEARCH("re-induction",_xlpm.txt),0)>0,IFERROR(SEARCH("second induction",_xlpm.txt),0)>0,IFERROR(SEARCH("quotation",_xlpm.txt),0)>0),"DIW/Cost Review",OR(IFERROR(SEARCH("swap",_xlpm.txt),0)>0,IFERROR(SEARCH("off-module",_xlpm.txt),0)>0,IFERROR(SEARCH("off module",_xlpm.txt),0)>0,IFERROR(SEARCH("dispatch module",_xlpm.txt),0)>0),"Swap Module",OR(IFERROR(SEARCH("notif",_xlpm.txt),0)>0,IFERROR(SEARCH("line manager",_xlpm.txt),0)>0,IFERROR(SEARCH("reject reason",_xlpm.txt),0)>0,IFERROR(SEARCH("approval",_xlpm.txt),0)>0,IFERROR(SEARCH("approve",_xlpm.txt),0)>0),"Notification",IFERROR(SEARCH("calendar",_xlpm.txt),0)>0,"Task Owner View",OR(IFERROR(SEARCH("task owner",_xlpm.txt),0)>0,IFERROR(SEARCH("pcd",_xlpm.txt),0)>0,IFERROR(SEARCH("acd",_xlpm.txt),0)>0,IFERROR(SEARCH("actual completion",_xlpm.txt),0)>0,IFERROR(SEARCH("delay",_xlpm.txt),0)>0,IFERROR(SEARCH("task ",_xlpm.txt),0)>0,IFERROR(SEARCH("tasks",_xlpm.txt),0)>0),"Task Owner Action",TRUE,"Other / General"))} -> Other / General | S37: {=_xlfn.LET(_xlpm.txt,LOWER(B37&" "&C37&" "&F37&" "&M37&" "&O37),_xlfn.IFS(IFERROR(SEARCH("diw",_xlpm.txt),0)>0,"diw",IFERROR(SEARCH("cost review",_xlpm.txt),0)>0,"cost review",IFERROR(SEARCH("re-induction",_xlpm.txt),0)>0,"re-induction",IFERROR(SEARCH("second induction",_xlpm.txt),0)>0,"second induction",IFERROR(SEARCH("quotation",_xlpm.txt),0)>0,"quotation",IFERROR(SEARCH("swap",_xlpm.txt),0)>0,"swap",IFERROR(SEARCH("off-module",_xlpm.txt),0)>0,"off-module",IFERROR(SEARCH("off module",_xlpm.txt),0)>0,"off module",IFERROR(SEARCH("dispatch module",_xlpm.txt),0)>0,"dispatch module",IFERROR(SEARCH("notif",_xlpm.txt),0)>0,"notification",IFERROR(SEARCH("line manager",_xlpm.txt),0)>0,"line manager",IFERROR(SEARCH("reject reason",_xlpm.txt),0)>0,"reject reason",IFERROR(SEARCH("approval",_xlpm.txt),0)>0,"approval",IFERROR(SEARCH("approve",_xlpm.txt),0)>0,"approve",IFERROR(SEARCH("calendar",_xlpm.txt),0)>0,"calendar",IFERROR(SEARCH("task owner",_xlpm.txt),0)>0,"task owner",IFERROR(SEARCH("pcd",_xlpm.txt),0)>0,"PCD",IFERROR(SEARCH("acd",_xlpm.txt),0)>0,"ACD",IFERROR(SEARCH("actual completion",_xlpm.txt),0)>0,"actual completion",IFERROR(SEARCH("delay",_xlpm.txt),0)>0,"delay",IFERROR(SEARCH("task ",_xlpm.txt),0)>0,"task",IFERROR(SEARCH("tasks",_xlpm.txt),0)>0,"tasks",TRUE,"(no match)"))} -> (no match) | T37: high
A38: =raw!A24 -> 18 | B38: =raw!B24 -> System | C38: =raw!C24 -> System | D38: =raw!D24 -> Should | E38: =raw!E24 -> None | F38: =raw!F24 -> Please remove the "Overview" button if nothing was developed under this page | G38: =raw!G24 -> 46098 | H38: =raw!H24 -> Ray | ... Q38: =raw!Q24 -> Fixed | R38: {=_xlfn.LET(_xlpm.txt,LOWER(B38&" "&C38&" "&F38&" "&M38&" "&O38),_xlfn.IFS(OR(IFERROR(SEARCH("diw",_xlpm.txt),0)>0,IFERROR(SEARCH("cost review",_xlpm.txt),0)>0,IFERROR(SEARCH("re-induction",_xlpm.txt),0)>0,IFERROR(SEARCH("second induction",_xlpm.txt),0)>0,IFERROR(SEARCH("quotation",_xlpm.txt),0)>0),"DIW/Cost Review",OR(IFERROR(SEARCH("swap",_xlpm.txt),0)>0,IFERROR(SEARCH("off-module",_xlpm.txt),0)>0,IFERROR(SEARCH("off module",_xlpm.txt),0)>0,IFERROR(SEARCH("dispatch module",_xlpm.txt),0)>0),"Swap Module",OR(IFERROR(SEARCH("notif",_xlpm.txt),0)>0,IFERROR(SEARCH("line manager",_xlpm.txt),0)>0,IFERROR(SEARCH("reject reason",_xlpm.txt),0)>0,IFERROR(SEARCH("approval",_xlpm.txt),0)>0,IFERROR(SEARCH("approve",_xlpm.txt),0)>0),"Notification",IFERROR(SEARCH("calendar",_xlpm.txt),0)>0,"Task Owner View",OR(IFERROR(SEARCH("task owner",_xlpm.txt),0)>0,IFERROR(SEARCH("pcd",_xlpm.txt),0)>0,IFERROR(SEARCH("acd",_xlpm.txt),0)>0,IFERROR(SEARCH("actual completion",_xlpm.txt),0)>0,IFERROR(SEARCH("delay",_xlpm.txt),0)>0,IFERROR(SEARCH("task ",_xlpm.txt),0)>0,IFERROR(SEARCH("tasks",_xlpm.txt),0)>0),"Task Owner Action",TRUE,"Other / General"))} -> Other / General | S38: {=_xlfn.LET(_xlpm.txt,LOWER(B38&" "&C38&" "&F38&" "&M38&" "&O38),_xlfn.IFS(IFERROR(SEARCH("diw",_xlpm.txt),0)>0,"diw",IFERROR(SEARCH("cost review",_xlpm.txt),0)>0,"cost review",IFERROR(SEARCH("re-induction",_xlpm.txt),0)>0,"re-induction",IFERROR(SEARCH("second induction",_xlpm.txt),0)>0,"second induction",IFERROR(SEARCH("quotation",_xlpm.txt),0)>0,"quotation",IFERROR(SEARCH("swap",_xlpm.txt),0)>0,"swap",IFERROR(SEARCH("off-module",_xlpm.txt),0)>0,"off-module",IFERROR(SEARCH("off module",_xlpm.txt),0)>0,"off module",IFERROR(SEARCH("dispatch module",_xlpm.txt),0)>0,"dispatch module",IFERROR(SEARCH("notif",_xlpm.txt),0)>0,"notification",IFERROR(SEARCH("line manager",_xlpm.txt),0)>0,"line manager",IFERROR(SEARCH("reject reason",_xlpm.txt),0)>0,"reject reason",IFERROR(SEARCH("approval",_xlpm.txt),0)>0,"approval",IFERROR(SEARCH("approve",_xlpm.txt),0)>0,"approve",IFERROR(SEARCH("calendar",_xlpm.txt),0)>0,"calendar",IFERROR(SEARCH("task owner",_xlpm.txt),0)>0,"task owner",IFERROR(SEARCH("pcd",_xlpm.txt),0)>0,"PCD",IFERROR(SEARCH("acd",_xlpm.txt),0)>0,"ACD",IFERROR(SEARCH("actual completion",_xlpm.txt),0)>0,"actual completion",IFERROR(SEARCH("delay",_xlpm.txt),0)>0,"delay",IFERROR(SEARCH("task ",_xlpm.txt),0)>0,"task",IFERROR(SEARCH("tasks",_xlpm.txt),0)>0,"tasks",TRUE,"(no match)"))} -> (no match) | T38: Low
A39: =raw!A25 -> 19 | B39: =raw!B25 -> Admin - Template Management | C39: =raw!C25 -> System | D39: =raw!D25 -> Must | E39: =raw!E25 -> Bug | F39: =_xlfn.TEXTJOIN(CHAR(10),TRUE,raw!F25:F26) -> When two users edit the same template and press save, system will create two templates with the same name. If we delete either one of them, both of the template will be deleted. Could the system lock the template if it is being edit to solve this problem? Co-edit issue | G39: =raw!G25 -> 46098 | H39: =raw!H25 -> Edmond | I39: =raw!I25 -> Refer to Screen Capture | J39: =raw!J25 -> Bug | K39: =raw!K25 -> P4 | L39: =raw!L25 -> 0 | M39: =_xlfn.TEXTJOIN(CHAR(10),TRUE,raw!M25:M26) -> Needs to be addressed | N39: =raw!N25 -> 0 | O39: =_xlfn.TEXTJOIN(CHAR(10),TRUE,raw!O25:O26) -> high, bug | P39: =raw!P25 -> 0 | Q39: =raw!Q25 -> Not yet fix | R39: {=_xlfn.LET(_xlpm.txt,LOWER(B39&" "&C39&" "&F39&" "&M39&" "&O39),_xlfn.IFS(OR(IFERROR(SEARCH("diw",_xlpm.txt),0)>0,IFERROR(SEARCH("cost review",_xlpm.txt),0)>0,IFERROR(SEARCH("re-induction",_xlpm.txt),0)>0,IFERROR(SEARCH("second induction",_xlpm.txt),0)>0,IFERROR(SEARCH("quotation",_xlpm.txt),0)>0),"DIW/Cost Review",OR(IFERROR(SEARCH("swap",_xlpm.txt),0)>0,IFERROR(SEARCH("off-module",_xlpm.txt),0)>0,IFERROR(SEARCH("off module",_xlpm.txt),0)>0,IFERROR(SEARCH("dispatch module",_xlpm.txt),0)>0),"Swap Module",OR(IFERROR(SEARCH("notif",_xlpm.txt),0)>0,IFERROR(SEARCH("line manager",_xlpm.txt),0)>0,IFERROR(SEARCH("reject reason",_xlpm.txt),0)>0,IFERROR(SEARCH("approval",_xlpm.txt),0)>0,IFERROR(SEARCH("approve",_xlpm.txt),0)>0),"Notification",IFERROR(SEARCH("calendar",_xlpm.txt),0)>0,"Task Owner View",OR(IFERROR(SEARCH("task owner",_xlpm.txt),0)>0,IFERROR(SEARCH("pcd",_xlpm.txt),0)>0,IFERROR(SEARCH("acd",_xlpm.txt),0)>0,IFERROR(SEARCH("actual completion",_xlpm.txt),0)>0,IFERROR(SEARCH("delay",_xlpm.txt),0)>0,IFERROR(SEARCH("task ",_xlpm.txt),0)>0,IFERROR(SEARCH("tasks",_xlpm.txt),0)>0),"Task Owner Action",TRUE,"Other / General"))} -> Other / General | S39: {=_xlfn.LET(_xlpm.txt,LOWER(B39&" "&C39&" "&F39&" "&M39&" "&O39),_xlfn.IFS(IFERROR(SEARCH("diw",_xlpm.txt),0)>0,"diw",IFERROR(SEARCH("cost review",_xlpm.txt),0)>0,"cost review",IFERROR(SEARCH("re-induction",_xlpm.txt),0)>0,"re-induction",IFERROR(SEARCH("second induction",_xlpm.txt),0)>0,"second induction",IFERROR(SEARCH("quotation",_xlpm.txt),0)>0,"quotation",IFERROR(SEARCH("swap",_xlpm.txt),0)>0,"swap",IFERROR(SEARCH("off-module",_xlpm.txt),0)>0,"off-module",IFERROR(SEARCH("off module",_xlpm.txt),0)>0,"off module",IFERROR(SEARCH("dispatch module",_xlpm.txt),0)>0,"dispatch module",IFERROR(SEARCH("notif",_xlpm.txt),0)>0,"notification",IFERROR(SEARCH("line manager",_xlpm.txt),0)>0,"line manager",IFERROR(SEARCH("reject reason",_xlpm.txt),0)>0,"reject reason",IFERROR(SEARCH("approval",_xlpm.txt),0)>0,"approval",IFERROR(SEARCH("approve",_xlpm.txt),0)>0,"approve",IFERROR(SEARCH("calendar",_xlpm.txt),0)>0,"calendar",IFERROR(SEARCH("task owner",_xlpm.txt),0)>0,"task owner",IFERROR(SEARCH("pcd",_xlpm.txt),0)>0,"PCD",IFERROR(SEARCH("acd",_xlpm.txt),0)>0,"ACD",IFERROR(SEARCH("actual completion",_xlpm.txt),0)>0,"actual completion",IFERROR(SEARCH("delay",_xlpm.txt),0)>0,"delay",IFERROR(SEARCH("task ",_xlpm.txt),0)>0,"task",IFERROR(SEARCH("tasks",_xlpm.txt),0)>0,"tasks",TRUE,"(no match)"))} -> (no match) | T39: high
A40: =raw!A43 -> 35 | B40: =raw!B43 -> Streamer - Induction update | C40: =raw!C43 -> System | D40: =raw!D43 -> Must | E40: =raw!E43 -> Bug | F40: =raw!F43 -> On the streamer page, the induction date shows 19 Mar, which does not match the edit page showing 12 Mar. | G40: =raw!G43 -> 46099 | H40: =raw!H43 -> Edmond | ... Q40: =raw!Q43 -> Fixed | R40: {=_xlfn.LET(_xlpm.txt,LOWER(B40&" "&C40&" "&F40&" "&M40&" "&O40),_xlfn.IFS(OR(IFERROR(SEARCH("diw",_xlpm.txt),0)>0,IFERROR(SEARCH("cost review",_xlpm.txt),0)>0,IFERROR(SEARCH("re-induction",_xlpm.txt),0)>0,IFERROR(SEARCH("second induction",_xlpm.txt),0)>0,IFERROR(SEARCH("quotation",_xlpm.txt),0)>0),"DIW/Cost Review",OR(IFERROR(SEARCH("swap",_xlpm.txt),0)>0,IFERROR(SEARCH("off-module",_xlpm.txt),0)>0,IFERROR(SEARCH("off module",_xlpm.txt),0)>0,IFERROR(SEARCH("dispatch module",_xlpm.txt),0)>0),"Swap Module",OR(IFERROR(SEARCH("notif",_xlpm.txt),0)>0,IFERROR(SEARCH("line manager",_xlpm.txt),0)>0,IFERROR(SEARCH("reject reason",_xlpm.txt),0)>0,IFERROR(SEARCH("approval",_xlpm.txt),0)>0,IFERROR(SEARCH("approve",_xlpm.txt),0)>0),"Notification",IFERROR(SEARCH("calendar",_xlpm.txt),0)>0,"Task Owner View",OR(IFERROR(SEARCH("task owner",_xlpm.txt),0)>0,IFERROR(SEARCH("pcd",_xlpm.txt),0)>0,IFERROR(SEARCH("acd",_xlpm.txt),0)>0,IFERROR(SEARCH("actual completion",_xlpm.txt),0)>0,IFERROR(SEARCH("delay",_xlpm.txt),0)>0,IFERROR(SEARCH("task ",_xlpm.txt),0)>0,IFERROR(SEARCH("tasks",_xlpm.txt),0)>0),"Task Owner Action",TRUE,"Other / General"))} -> Other / General | S40: {=_xlfn.LET(_xlpm.txt,LOWER(B40&" "&C40&" "&F40&" "&M40&" "&O40),_xlfn.IFS(IFERROR(SEARCH("diw",_xlpm.txt),0)>0,"diw",IFERROR(SEARCH("cost review",_xlpm.txt),0)>0,"cost review",IFERROR(SEARCH("re-induction",_xlpm.txt),0)>0,"re-induction",IFERROR(SEARCH("second induction",_xlpm.txt),0)>0,"second induction",IFERROR(SEARCH("quotation",_xlpm.txt),0)>0,"quotation",IFERROR(SEARCH("swap",_xlpm.txt),0)>0,"swap",IFERROR(SEARCH("off-module",_xlpm.txt),0)>0,"off-module",IFERROR(SEARCH("off module",_xlpm.txt),0)>0,"off module",IFERROR(SEARCH("dispatch module",_xlpm.txt),0)>0,"dispatch module",IFERROR(SEARCH("notif",_xlpm.txt),0)>0,"notification",IFERROR(SEARCH("line manager",_xlpm.txt),0)>0,"line manager",IFERROR(SEARCH("reject reason",_xlpm.txt),0)>0,"reject reason",IFERROR(SEARCH("approval",_xlpm.txt),0)>0,"approval",IFERROR(SEARCH("approve",_xlpm.txt),0)>0,"approve",IFERROR(SEARCH("calendar",_xlpm.txt),0)>0,"calendar",IFERROR(SEARCH("task owner",_xlpm.txt),0)>0,"task owner",IFERROR(SEARCH("pcd",_xlpm.txt),0)>0,"PCD",IFERROR(SEARCH("acd",_xlpm.txt),0)>0,"ACD",IFERROR(SEARCH("actual completion",_xlpm.txt),0)>0,"actual completion",IFERROR(SEARCH("delay",_xlpm.txt),0)>0,"delay",IFERROR(SEARCH("task ",_xlpm.txt),0)>0,"task",IFERROR(SEARCH("tasks",_xlpm.txt),0)>0,"tasks",TRUE,"(no match)"))} -> (no match) | T40: high
A41: =raw!A44 -> 36 | B41: =raw!B44 -> Planner - Create Streamer / Edit Streamer | C41: =raw!C44 -> System | D41: =raw!D44 -> Must | E41: =raw!E44 -> None | F41: =_xlfn.TEXTJOIN(CHAR(10),TRUE,raw!F44:F45) -> 1.If I press the selection box for module 31 and then press the selection box for module 32, the selection boxes for M31 & M32 will keep showing up 2. Selection box is too small, need to waste time to find the choice, if i click the selection box it can show all options, that will be better. | G41: =raw!G44 -> 46099 | H41: =raw!H44 -> Ming | I41: =raw!I44 -> Refer to Screen Capture | J41: =raw!J44 -> Enhancement | K41: =raw!K44 -> 0 | L41: =raw!L44 -> 0 | M41: =_xlfn.TEXTJOIN(CHAR(10),TRUE,raw!M44:M45) -> All modules to be shown as per screenshot, @Ray to confirm the change | N41: =raw!N44 -> 0 | O41: =_xlfn.TEXTJOIN(CHAR(10),TRUE,raw!O44:O45) -> medium, fixed | P41: =raw!P44 -> 0 | Q41: =raw!Q44 -> Fixed | R41: {=_xlfn.LET(_xlpm.txt,LOWER(B41&" "&C41&" "&F41&" "&M41&" "&O41),_xlfn.IFS(OR(IFERROR(SEARCH("diw",_xlpm.txt),0)>0,IFERROR(SEARCH("cost review",_xlpm.txt),0)>0,IFERROR(SEARCH("re-induction",_xlpm.txt),0)>0,IFERROR(SEARCH("second induction",_xlpm.txt),0)>0,IFERROR(SEARCH("quotation",_xlpm.txt),0)>0),"DIW/Cost Review",OR(IFERROR(SEARCH("swap",_xlpm.txt),0)>0,IFERROR(SEARCH("off-module",_xlpm.txt),0)>0,IFERROR(SEARCH("off module",_xlpm.txt),0)>0,IFERROR(SEARCH("dispatch module",_xlpm.txt),0)>0),"Swap Module",OR(IFERROR(SEARCH("notif",_xlpm.txt),0)>0,IFERROR(SEARCH("line manager",_xlpm.txt),0)>0,IFERROR(SEARCH("reject reason",_xlpm.txt),0)>0,IFERROR(SEARCH("approval",_xlpm.txt),0)>0,IFERROR(SEARCH("approve",_xlpm.txt),0)>0),"Notification",IFERROR(SEARCH("calendar",_xlpm.txt),0)>0,"Task Owner View",OR(IFERROR(SEARCH("task owner",_xlpm.txt),0)>0,IFERROR(SEARCH("pcd",_xlpm.txt),0)>0,IFERROR(SEARCH("acd",_xlpm.txt),0)>0,IFERROR(SEARCH("actual completion",_xlpm.txt),0)>0,IFERROR(SEARCH("delay",_xlpm.txt),0)>0,IFERROR(SEARCH("task ",_xlpm.txt),0)>0,IFERROR(SEARCH("tasks",_xlpm.txt),0)>0),"Task Owner Action",TRUE,"Other / General"))} -> Other / General | S41: {=_xlfn.LET(_xlpm.txt,LOWER(B41&" "&C41&" "&F41&" "&M41&" "&O41),_xlfn.IFS(IFERROR(SEARCH("diw",_xlpm.txt),0)>0,"diw",IFERROR(SEARCH("cost review",_xlpm.txt),0)>0,"cost review",IFERROR(SEARCH("re-induction",_xlpm.txt),0)>0,"re-induction",IFERROR(SEARCH("second induction",_xlpm.txt),0)>0,"second induction",IFERROR(SEARCH("quotation",_xlpm.txt),0)>0,"quotation",IFERROR(SEARCH("swap",_xlpm.txt),0)>0,"swap",IFERROR(SEARCH("off-module",_xlpm.txt),0)>0,"off-module",IFERROR(SEARCH("off module",_xlpm.txt),0)>0,"off module",IFERROR(SEARCH("dispatch module",_xlpm.txt),0)>0,"dispatch module",IFERROR(SEARCH("notif",_xlpm.txt),0)>0,"notification",IFERROR(SEARCH("line manager",_xlpm.txt),0)>0,"line manager",IFERROR(SEARCH("reject reason",_xlpm.txt),0)>0,"reject reason",IFERROR(SEARCH("approval",_xlpm.txt),0)>0,"approval",IFERROR(SEARCH("approve",_xlpm.txt),0)>0,"approve",IFERROR(SEARCH("calendar",_xlpm.txt),0)>0,"calendar",IFERROR(SEARCH("task owner",_xlpm.txt),0)>0,"task owner",IFERROR(SEARCH("pcd",_xlpm.txt),0)>0,"PCD",IFERROR(SEARCH("acd",_xlpm.txt),0)>0,"ACD",IFERROR(SEARCH("actual completion",_xlpm.txt),0)>0,"actual completion",IFERROR(SEARCH("delay",_xlpm.txt),0)>0,"delay",IFERROR(SEARCH("task ",_xlpm.txt),0)>0,"task",IFERROR(SEARCH("tasks",_xlpm.txt),0)>0,"tasks",TRUE,"(no match)"))} -> (no match) | T41: medium
A42: =raw!A47 -> 38 | B42: =raw!B47 -> Admin - Template Edit / | C42: =raw!C47 -> UI | D42: =raw!D47 -> Must | E42: =raw!E47 -> rework | F42: =_xlfn.TEXTJOIN(CHAR(10),TRUE,raw!F47:F48) -> Content and header is not aligned Duplicated, Refer to #7 | G42: =raw!G47 -> 46099 | H42: =raw!H47 -> Chris | I42: =raw!I47 -> 0 | J42: =raw!J47 -> Bug | K42: =raw!K47 -> P4 | L42: =raw!L47 -> 0 | M42: =_xlfn.TEXTJOIN(CHAR(10),TRUE,raw!M47:M48) -> Known issue, Raised with Syncfusion and is pending fix | N42: =raw!N47 -> 0 | O42: =_xlfn.TEXTJOIN(CHAR(10),TRUE,raw!O47:O48) -> Low, not yet fixed | P42: =raw!P47 -> 0 | Q42: =raw!Q47 -> Not yet fix | R42: {=_xlfn.LET(_xlpm.txt,LOWER(B42&" "&C42&" "&F42&" "&M42&" "&O42),_xlfn.IFS(OR(IFERROR(SEARCH("diw",_xlpm.txt),0)>0,IFERROR(SEARCH("cost review",_xlpm.txt),0)>0,IFERROR(SEARCH("re-induction",_xlpm.txt),0)>0,IFERROR(SEARCH("second induction",_xlpm.txt),0)>0,IFERROR(SEARCH("quotation",_xlpm.txt),0)>0),"DIW/Cost Review",OR(IFERROR(SEARCH("swap",_xlpm.txt),0)>0,IFERROR(SEARCH("off-module",_xlpm.txt),0)>0,IFERROR(SEARCH("off module",_xlpm.txt),0)>0,IFERROR(SEARCH("dispatch module",_xlpm.txt),0)>0),"Swap Module",OR(IFERROR(SEARCH("notif",_xlpm.txt),0)>0,IFERROR(SEARCH("line manager",_xlpm.txt),0)>0,IFERROR(SEARCH("reject reason",_xlpm.txt),0)>0,IFERROR(SEARCH("approval",_xlpm.txt),0)>0,IFERROR(SEARCH("approve",_xlpm.txt),0)>0),"Notification",IFERROR(SEARCH("calendar",_xlpm.txt),0)>0,"Task Owner View",OR(IFERROR(SEARCH("task owner",_xlpm.txt),0)>0,IFERROR(SEARCH("pcd",_xlpm.txt),0)>0,IFERROR(SEARCH("acd",_xlpm.txt),0)>0,IFERROR(SEARCH("actual completion",_xlpm.txt),0)>0,IFERROR(SEARCH("delay",_xlpm.txt),0)>0,IFERROR(SEARCH("task ",_xlpm.txt),0)>0,IFERROR(SEARCH("tasks",_xlpm.txt),0)>0),"Task Owner Action",TRUE,"Other / General"))} -> Other / General | S42: {=_xlfn.LET(_xlpm.txt,LOWER(B42&" "&C42&" "&F42&" "&M42&" "&O42),_xlfn.IFS(IFERROR(SEARCH("diw",_xlpm.txt),0)>0,"diw",IFERROR(SEARCH("cost review",_xlpm.txt),0)>0,"cost review",IFERROR(SEARCH("re-induction",_xlpm.txt),0)>0,"re-induction",IFERROR(SEARCH("second induction",_xlpm.txt),0)>0,"second induction",IFERROR(SEARCH("quotation",_xlpm.txt),0)>0,"quotation",IFERROR(SEARCH("swap",_xlpm.txt),0)>0,"swap",IFERROR(SEARCH("off-module",_xlpm.txt),0)>0,"off-module",IFERROR(SEARCH("off module",_xlpm.txt),0)>0,"off module",IFERROR(SEARCH("dispatch module",_xlpm.txt),0)>0,"dispatch module",IFERROR(SEARCH("notif",_xlpm.txt),0)>0,"notification",IFERROR(SEARCH("line manager",_xlpm.txt),0)>0,"line manager",IFERROR(SEARCH("reject reason",_xlpm.txt),0)>0,"reject reason",IFERROR(SEARCH("approval",_xlpm.txt),0)>0,"approval",IFERROR(SEARCH("approve",_xlpm.txt),0)>0,"approve",IFERROR(SEARCH("calendar",_xlpm.txt),0)>0,"calendar",IFERROR(SEARCH("task owner",_xlpm.txt),0)>0,"task owner",IFERROR(SEARCH("pcd",_xlpm.txt),0)>0,"PCD",IFERROR(SEARCH("acd",_xlpm.txt),0)>0,"ACD",IFERROR(SEARCH("actual completion",_xlpm.txt),0)>0,"actual completion",IFERROR(SEARCH("delay",_xlpm.txt),0)>0,"delay",IFERROR(SEARCH("task ",_xlpm.txt),0)>0,"task",IFERROR(SEARCH("tasks",_xlpm.txt),0)>0,"tasks",TRUE,"(no match)"))} -> (no match) | T42: Low
A43: =raw!A49 -> 39 | B43: =raw!B49 -> Planner - Menu Side Bar | C43: =raw!C49 -> UI | D43: =raw!D49 -> Must | E43: =raw!E49 -> Bug | F43: =raw!F49 -> The label by the hover effect on the menu button is blocked for the button navigation | G43: =raw!G49 -> 46099 | H43: =raw!H49 -> Chris | ... Q43: =raw!Q49 -> Fixed | R43: {=_xlfn.LET(_xlpm.txt,LOWER(B43&" "&C43&" "&F43&" "&M43&" "&O43),_xlfn.IFS(OR(IFERROR(SEARCH("diw",_xlpm.txt),0)>0,IFERROR(SEARCH("cost review",_xlpm.txt),0)>0,IFERROR(SEARCH("re-induction",_xlpm.txt),0)>0,IFERROR(SEARCH("second induction",_xlpm.txt),0)>0,IFERROR(SEARCH("quotation",_xlpm.txt),0)>0),"DIW/Cost Review",OR(IFERROR(SEARCH("swap",_xlpm.txt),0)>0,IFERROR(SEARCH("off-module",_xlpm.txt),0)>0,IFERROR(SEARCH("off module",_xlpm.txt),0)>0,IFERROR(SEARCH("dispatch module",_xlpm.txt),0)>0),"Swap Module",OR(IFERROR(SEARCH("notif",_xlpm.txt),0)>0,IFERROR(SEARCH("line manager",_xlpm.txt),0)>0,IFERROR(SEARCH("reject reason",_xlpm.txt),0)>0,IFERROR(SEARCH("approval",_xlpm.txt),0)>0,IFERROR(SEARCH("approve",_xlpm.txt),0)>0),"Notification",IFERROR(SEARCH("calendar",_xlpm.txt),0)>0,"Task Owner View",OR(IFERROR(SEARCH("task owner",_xlpm.txt),0)>0,IFERROR(SEARCH("pcd",_xlpm.txt),0)>0,IFERROR(SEARCH("acd",_xlpm.txt),0)>0,IFERROR(SEARCH("actual completion",_xlpm.txt),0)>0,IFERROR(SEARCH("delay",_xlpm.txt),0)>0,IFERROR(SEARCH("task ",_xlpm.txt),0)>0,IFERROR(SEARCH("tasks",_xlpm.txt),0)>0),"Task Owner Action",TRUE,"Other / General"))} -> Other / General | S43: {=_xlfn.LET(_xlpm.txt,LOWER(B43&" "&C43&" "&F43&" "&M43&" "&O43),_xlfn.IFS(IFERROR(SEARCH("diw",_xlpm.txt),0)>0,"diw",IFERROR(SEARCH("cost review",_xlpm.txt),0)>0,"cost review",IFERROR(SEARCH("re-induction",_xlpm.txt),0)>0,"re-induction",IFERROR(SEARCH("second induction",_xlpm.txt),0)>0,"second induction",IFERROR(SEARCH("quotation",_xlpm.txt),0)>0,"quotation",IFERROR(SEARCH("swap",_xlpm.txt),0)>0,"swap",IFERROR(SEARCH("off-module",_xlpm.txt),0)>0,"off-module",IFERROR(SEARCH("off module",_xlpm.txt),0)>0,"off module",IFERROR(SEARCH("dispatch module",_xlpm.txt),0)>0,"dispatch module",IFERROR(SEARCH("notif",_xlpm.txt),0)>0,"notification",IFERROR(SEARCH("line manager",_xlpm.txt),0)>0,"line manager",IFERROR(SEARCH("reject reason",_xlpm.txt),0)>0,"reject reason",IFERROR(SEARCH("approval",_xlpm.txt),0)>0,"approval",IFERROR(SEARCH("approve",_xlpm.txt),0)>0,"approve",IFERROR(SEARCH("calendar",_xlpm.txt),0)>0,"calendar",IFERROR(SEARCH("task owner",_xlpm.txt),0)>0,"task owner",IFERROR(SEARCH("pcd",_xlpm.txt),0)>0,"PCD",IFERROR(SEARCH("acd",_xlpm.txt),0)>0,"ACD",IFERROR(SEARCH("actual completion",_xlpm.txt),0)>0,"actual completion",IFERROR(SEARCH("delay",_xlpm.txt),0)>0,"delay",IFERROR(SEARCH("task ",_xlpm.txt),0)>0,"task",IFERROR(SEARCH("tasks",_xlpm.txt),0)>0,"tasks",TRUE,"(no match)"))} -> (no match) | T43: low
A44: =raw!A58 -> 44 | B44: =raw!B58 -> Planner -> Streamer -> Active Steamers | C44: =raw!C58 -> System | D44: =raw!D58 -> Must | E44: =raw!E58 -> Bug | F44: =_xlfn.TEXTJOIN(CHAR(10),TRUE,raw!F58:F60) -> 1. I entered the induction date as 03 Mar 2026; however, it is displaying as 23 Feb 2026. Please advise if incorrect data was entered. 2. The induction date cannot be amended to 03 Mar 2026. | G44: =raw!G58 -> 46100 | H44: =raw!H58 -> Ricky | I44: =raw!I58 -> Refer to Screen Capture | J44: =raw!J58 -> Bug | K44: =raw!K58 -> P3 | L44: =raw!L58 -> 0 | M44: =_xlfn.TEXTJOIN(CHAR(10),TRUE,raw!M58:M60) | N44: =raw!N58 -> 0 | O44: =_xlfn.TEXTJOIN(CHAR(10),TRUE,raw!O58:O60) -> high. Fixed | P44: =raw!P58 -> 0 | Q44: =raw!Q58 -> Fixed | R44: {=_xlfn.LET(_xlpm.txt,LOWER(B44&" "&C44&" "&F44&" "&M44&" "&O44),_xlfn.IFS(OR(IFERROR(SEARCH("diw",_xlpm.txt),0)>0,IFERROR(SEARCH("cost review",_xlpm.txt),0)>0,IFERROR(SEARCH("re-induction",_xlpm.txt),0)>0,IFERROR(SEARCH("second induction",_xlpm.txt),0)>0,IFERROR(SEARCH("quotation",_xlpm.txt),0)>0),"DIW/Cost Review",OR(IFERROR(SEARCH("swap",_xlpm.txt),0)>0,IFERROR(SEARCH("off-module",_xlpm.txt),0)>0,IFERROR(SEARCH("off module",_xlpm.txt),0)>0,IFERROR(SEARCH("dispatch module",_xlpm.txt),0)>0),"Swap Module",OR(IFERROR(SEARCH("notif",_xlpm.txt),0)>0,IFERROR(SEARCH("line manager",_xlpm.txt),0)>0,IFERROR(SEARCH("reject reason",_xlpm.txt),0)>0,IFERROR(SEARCH("approval",_xlpm.txt),0)>0,IFERROR(SEARCH("approve",_xlpm.txt),0)>0),"Notification",IFERROR(SEARCH("calendar",_xlpm.txt),0)>0,"Task Owner View",OR(IFERROR(SEARCH("task owner",_xlpm.txt),0)>0,IFERROR(SEARCH("pcd",_xlpm.txt),0)>0,IFERROR(SEARCH("acd",_xlpm.txt),0)>0,IFERROR(SEARCH("actual completion",_xlpm.txt),0)>0,IFERROR(SEARCH("delay",_xlpm.txt),0)>0,IFERROR(SEARCH("task ",_xlpm.txt),0)>0,IFERROR(SEARCH("tasks",_xlpm.txt),0)>0),"Task Owner Action",TRUE,"Other / General"))} -> Other / General | S44: {=_xlfn.LET(_xlpm.txt,LOWER(B44&" "&C44&" "&F44&" "&M44&" "&O44),_xlfn.IFS(IFERROR(SEARCH("diw",_xlpm.txt),0)>0,"diw",IFERROR(SEARCH("cost review",_xlpm.txt),0)>0,"cost review",IFERROR(SEARCH("re-induction",_xlpm.txt),0)>0,"re-induction",IFERROR(SEARCH("second induction",_xlpm.txt),0)>0,"second induction",IFERROR(SEARCH("quotation",_xlpm.txt),0)>0,"quotation",IFERROR(SEARCH("swap",_xlpm.txt),0)>0,"swap",IFERROR(SEARCH("off-module",_xlpm.txt),0)>0,"off-module",IFERROR(SEARCH("off module",_xlpm.txt),0)>0,"off module",IFERROR(SEARCH("dispatch module",_xlpm.txt),0)>0,"dispatch module",IFERROR(SEARCH("notif",_xlpm.txt),0)>0,"notification",IFERROR(SEARCH("line manager",_xlpm.txt),0)>0,"line manager",IFERROR(SEARCH("reject reason",_xlpm.txt),0)>0,"reject reason",IFERROR(SEARCH("approval",_xlpm.txt),0)>0,"approval",IFERROR(SEARCH("approve",_xlpm.txt),0)>0,"approve",IFERROR(SEARCH("calendar",_xlpm.txt),0)>0,"calendar",IFERROR(SEARCH("task owner",_xlpm.txt),0)>0,"task owner",IFERROR(SEARCH("pcd",_xlpm.txt),0)>0,"PCD",IFERROR(SEARCH("acd",_xlpm.txt),0)>0,"ACD",IFERROR(SEARCH("actual completion",_xlpm.txt),0)>0,"actual completion",IFERROR(SEARCH("delay",_xlpm.txt),0)>0,"delay",IFERROR(SEARCH("task ",_xlpm.txt),0)>0,"task",IFERROR(SEARCH("tasks",_xlpm.txt),0)>0,"tasks",TRUE,"(no match)"))} -> (no match) | T44: high. Fixed
A45: =raw!A61 -> 45 | B45: =raw!B61 -> Planner -> Streamer -> Create Streamer | C45: =raw!C61 -> System | D45: =raw!D61 -> Must | E45: =raw!E61 -> Bug | F45: =_xlfn.TEXTJOIN(CHAR(10),TRUE,raw!F61:F65) -> Module Set → Sales Order: Unable to display multiple Sales Orders (S/Os). Please confirm whether “Trent 1000” is represented as “Trent 100 TEN” in the workscope. | G45: =raw!G61 -> 46100 | H45: =raw!H61 -> Ricky | I45: =raw!I61 -> Refer to Screen Capture | J45: =raw!J61 -> 0 | K45: =raw!K61 -> 0 | L45: =raw!L61 -> 0 | M45: =_xlfn.TEXTJOIN(CHAR(10),TRUE,raw!M61:M65) | N45: =raw!N61 -> 0 | O45: =_xlfn.TEXTJOIN(CHAR(10),TRUE,raw!O61:O65) -> Removed | P45: =raw!P61 -> 0 | Q45: =raw!Q61 -> Closed | R45: {=_xlfn.LET(_xlpm.txt,LOWER(B45&" "&C45&" "&F45&" "&M45&" "&O45),_xlfn.IFS(OR(IFERROR(SEARCH("diw",_xlpm.txt),0)>0,IFERROR(SEARCH("cost review",_xlpm.txt),0)>0,IFERROR(SEARCH("re-induction",_xlpm.txt),0)>0,IFERROR(SEARCH("second induction",_xlpm.txt),0)>0,IFERROR(SEARCH("quotation",_xlpm.txt),0)>0),"DIW/Cost Review",OR(IFERROR(SEARCH("swap",_xlpm.txt),0)>0,IFERROR(SEARCH("off-module",_xlpm.txt),0)>0,IFERROR(SEARCH("off module",_xlpm.txt),0)>0,IFERROR(SEARCH("dispatch module",_xlpm.txt),0)>0),"Swap Module",OR(IFERROR(SEARCH("notif",_xlpm.txt),0)>0,IFERROR(SEARCH("line manager",_xlpm.txt),0)>0,IFERROR(SEARCH("reject reason",_xlpm.txt),0)>0,IFERROR(SEARCH("approval",_xlpm.txt),0)>0,IFERROR(SEARCH("approve",_xlpm.txt),0)>0),"Notification",IFERROR(SEARCH("calendar",_xlpm.txt),0)>0,"Task Owner View",OR(IFERROR(SEARCH("task owner",_xlpm.txt),0)>0,IFERROR(SEARCH("pcd",_xlpm.txt),0)>0,IFERROR(SEARCH("acd",_xlpm.txt),0)>0,IFERROR(SEARCH("actual completion",_xlpm.txt),0)>0,IFERROR(SEARCH("delay",_xlpm.txt),0)>0,IFERROR(SEARCH("task ",_xlpm.txt),0)>0,IFERROR(SEARCH("tasks",_xlpm.txt),0)>0),"Task Owner Action",TRUE,"Other / General"))} -> Other / General | S45: {=_xlfn.LET(_xlpm.txt,LOWER(B45&" "&C45&" "&F45&" "&M45&" "&O45),_xlfn.IFS(IFERROR(SEARCH("diw",_xlpm.txt),0)>0,"diw",IFERROR(SEARCH("cost review",_xlpm.txt),0)>0,"cost review",IFERROR(SEARCH("re-induction",_xlpm.txt),0)>0,"re-induction",IFERROR(SEARCH("second induction",_xlpm.txt),0)>0,"second induction",IFERROR(SEARCH("quotation",_xlpm.txt),0)>0,"quotation",IFERROR(SEARCH("swap",_xlpm.txt),0)>0,"swap",IFERROR(SEARCH("off-module",_xlpm.txt),0)>0,"off-module",IFERROR(SEARCH("off module",_xlpm.txt),0)>0,"off module",IFERROR(SEARCH("dispatch module",_xlpm.txt),0)>0,"dispatch module",IFERROR(SEARCH("notif",_xlpm.txt),0)>0,"notification",IFERROR(SEARCH("line manager",_xlpm.txt),0)>0,"line manager",IFERROR(SEARCH("reject reason",_xlpm.txt),0)>0,"reject reason",IFERROR(SEARCH("approval",_xlpm.txt),0)>0,"approval",IFERROR(SEARCH("approve",_xlpm.txt),0)>0,"approve",IFERROR(SEARCH("calendar",_xlpm.txt),0)>0,"calendar",IFERROR(SEARCH("task owner",_xlpm.txt),0)>0,"task owner",IFERROR(SEARCH("pcd",_xlpm.txt),0)>0,"PCD",IFERROR(SEARCH("acd",_xlpm.txt),0)>0,"ACD",IFERROR(SEARCH("actual completion",_xlpm.txt),0)>0,"actual completion",IFERROR(SEARCH("delay",_xlpm.txt),0)>0,"delay",IFERROR(SEARCH("task ",_xlpm.txt),0)>0,"task",IFERROR(SEARCH("tasks",_xlpm.txt),0)>0,"tasks",TRUE,"(no match)"))} -> (no match) | T45: Removed
A46: =raw!A66 -> 46 | B46: =raw!B66 -> Planner -> Streamer -> Create Streamer | C46: =raw!C66 -> System | D46: =raw!D66 -> Must | E46: =raw!E66 -> Bug | F46: =raw!F66 -> Why can duplicate Sales Orders (S/Os) be displayed? | G46: =raw!G66 -> 46100 | H46: =raw!H66 -> Ricky | ... Q46: =raw!Q66 -> Closed | R46: {=_xlfn.LET(_xlpm.txt,LOWER(B46&" "&C46&" "&F46&" "&M46&" "&O46),_xlfn.IFS(OR(IFERROR(SEARCH("diw",_xlpm.txt),0)>0,IFERROR(SEARCH("cost review",_xlpm.txt),0)>0,IFERROR(SEARCH("re-induction",_xlpm.txt),0)>0,IFERROR(SEARCH("second induction",_xlpm.txt),0)>0,IFERROR(SEARCH("quotation",_xlpm.txt),0)>0),"DIW/Cost Review",OR(IFERROR(SEARCH("swap",_xlpm.txt),0)>0,IFERROR(SEARCH("off-module",_xlpm.txt),0)>0,IFERROR(SEARCH("off module",_xlpm.txt),0)>0,IFERROR(SEARCH("dispatch module",_xlpm.txt),0)>0),"Swap Module",OR(IFERROR(SEARCH("notif",_xlpm.txt),0)>0,IFERROR(SEARCH("line manager",_xlpm.txt),0)>0,IFERROR(SEARCH("reject reason",_xlpm.txt),0)>0,IFERROR(SEARCH("approval",_xlpm.txt),0)>0,IFERROR(SEARCH("approve",_xlpm.txt),0)>0),"Notification",IFERROR(SEARCH("calendar",_xlpm.txt),0)>0,"Task Owner View",OR(IFERROR(SEARCH("task owner",_xlpm.txt),0)>0,IFERROR(SEARCH("pcd",_xlpm.txt),0)>0,IFERROR(SEARCH("acd",_xlpm.txt),0)>0,IFERROR(SEARCH("actual completion",_xlpm.txt),0)>0,IFERROR(SEARCH("delay",_xlpm.txt),0)>0,IFERROR(SEARCH("task ",_xlpm.txt),0)>0,IFERROR(SEARCH("tasks",_xlpm.txt),0)>0),"Task Owner Action",TRUE,"Other / General"))} -> Other / General | S46: {=_xlfn.LET(_xlpm.txt,LOWER(B46&" "&C46&" "&F46&" "&M46&" "&O46),_xlfn.IFS(IFERROR(SEARCH("diw",_xlpm.txt),0)>0,"diw",IFERROR(SEARCH("cost review",_xlpm.txt),0)>0,"cost review",IFERROR(SEARCH("re-induction",_xlpm.txt),0)>0,"re-induction",IFERROR(SEARCH("second induction",_xlpm.txt),0)>0,"second induction",IFERROR(SEARCH("quotation",_xlpm.txt),0)>0,"quotation",IFERROR(SEARCH("swap",_xlpm.txt),0)>0,"swap",IFERROR(SEARCH("off-module",_xlpm.txt),0)>0,"off-module",IFERROR(SEARCH("off module",_xlpm.txt),0)>0,"off module",IFERROR(SEARCH("dispatch module",_xlpm.txt),0)>0,"dispatch module",IFERROR(SEARCH("notif",_xlpm.txt),0)>0,"notification",IFERROR(SEARCH("line manager",_xlpm.txt),0)>0,"line manager",IFERROR(SEARCH("reject reason",_xlpm.txt),0)>0,"reject reason",IFERROR(SEARCH("approval",_xlpm.txt),0)>0,"approval",IFERROR(SEARCH("approve",_xlpm.txt),0)>0,"approve",IFERROR(SEARCH("calendar",_xlpm.txt),0)>0,"calendar",IFERROR(SEARCH("task owner",_xlpm.txt),0)>0,"task owner",IFERROR(SEARCH("pcd",_xlpm.txt),0)>0,"PCD",IFERROR(SEARCH("acd",_xlpm.txt),0)>0,"ACD",IFERROR(SEARCH("actual completion",_xlpm.txt),0)>0,"actual completion",IFERROR(SEARCH("delay",_xlpm.txt),0)>0,"delay",IFERROR(SEARCH("task ",_xlpm.txt),0)>0,"task",IFERROR(SEARCH("tasks",_xlpm.txt),0)>0,"tasks",TRUE,"(no match)"))} -> (no match) | T46: Removed
A47: =raw!A67 -> 47 | B47: =raw!B67 -> Planner -> Streamer -> Create Streamer | C47: =raw!C67 -> System | D47: =raw!D67 -> Must | E47: =raw!E67 -> Bug | F47: =_xlfn.TEXTJOIN(CHAR(10),TRUE,raw!F67:F68) -> Issue: When creating Module M33 only, the system still displays other modules in the result/list view. Note: A valid template is in use; therefore, this issue is unlikely to be template‑related. | G47: =raw!G67 -> 46100 | H47: =raw!H67 -> Ricky | I47: =raw!I67 -> Refer to Screen Capture | J47: =raw!J67 -> 0 | K47: =raw!K67 -> 0 | L47: =raw!L67 -> 0 | M47: =_xlfn.TEXTJOIN(CHAR(10),TRUE,raw!M67:M68) | N47: =raw!N67 -> 0 | O47: =_xlfn.TEXTJOIN(CHAR(10),TRUE,raw!O67:O68) -> Removed | P47: =raw!P67 -> 0 | Q47: =raw!Q67 -> Closed | R47: {=_xlfn.LET(_xlpm.txt,LOWER(B47&" "&C47&" "&F47&" "&M47&" "&O47),_xlfn.IFS(OR(IFERROR(SEARCH("diw",_xlpm.txt),0)>0,IFERROR(SEARCH("cost review",_xlpm.txt),0)>0,IFERROR(SEARCH("re-induction",_xlpm.txt),0)>0,IFERROR(SEARCH("second induction",_xlpm.txt),0)>0,IFERROR(SEARCH("quotation",_xlpm.txt),0)>0),"DIW/Cost Review",OR(IFERROR(SEARCH("swap",_xlpm.txt),0)>0,IFERROR(SEARCH("off-module",_xlpm.txt),0)>0,IFERROR(SEARCH("off module",_xlpm.txt),0)>0,IFERROR(SEARCH("dispatch module",_xlpm.txt),0)>0),"Swap Module",OR(IFERROR(SEARCH("notif",_xlpm.txt),0)>0,IFERROR(SEARCH("line manager",_xlpm.txt),0)>0,IFERROR(SEARCH("reject reason",_xlpm.txt),0)>0,IFERROR(SEARCH("approval",_xlpm.txt),0)>0,IFERROR(SEARCH("approve",_xlpm.txt),0)>0),"Notification",IFERROR(SEARCH("calendar",_xlpm.txt),0)>0,"Task Owner View",OR(IFERROR(SEARCH("task owner",_xlpm.txt),0)>0,IFERROR(SEARCH("pcd",_xlpm.txt),0)>0,IFERROR(SEARCH("acd",_xlpm.txt),0)>0,IFERROR(SEARCH("actual completion",_xlpm.txt),0)>0,IFERROR(SEARCH("delay",_xlpm.txt),0)>0,IFERROR(SEARCH("task ",_xlpm.txt),0)>0,IFERROR(SEARCH("tasks",_xlpm.txt),0)>0),"Task Owner Action",TRUE,"Other / General"))} -> Other / General | S47: {=_xlfn.LET(_xlpm.txt,LOWER(B47&" "&C47&" "&F47&" "&M47&" "&O47),_xlfn.IFS(IFERROR(SEARCH("diw",_xlpm.txt),0)>0,"diw",IFERROR(SEARCH("cost review",_xlpm.txt),0)>0,"cost review",IFERROR(SEARCH("re-induction",_xlpm.txt),0)>0,"re-induction",IFERROR(SEARCH("second induction",_xlpm.txt),0)>0,"second induction",IFERROR(SEARCH("quotation",_xlpm.txt),0)>0,"quotation",IFERROR(SEARCH("swap",_xlpm.txt),0)>0,"swap",IFERROR(SEARCH("off-module",_xlpm.txt),0)>0,"off-module",IFERROR(SEARCH("off module",_xlpm.txt),0)>0,"off module",IFERROR(SEARCH("dispatch module",_xlpm.txt),0)>0,"dispatch module",IFERROR(SEARCH("notif",_xlpm.txt),0)>0,"notification",IFERROR(SEARCH("line manager",_xlpm.txt),0)>0,"line manager",IFERROR(SEARCH("reject reason",_xlpm.txt),0)>0,"reject reason",IFERROR(SEARCH("approval",_xlpm.txt),0)>0,"approval",IFERROR(SEARCH("approve",_xlpm.txt),0)>0,"approve",IFERROR(SEARCH("calendar",_xlpm.txt),0)>0,"calendar",IFERROR(SEARCH("task owner",_xlpm.txt),0)>0,"task owner",IFERROR(SEARCH("pcd",_xlpm.txt),0)>0,"PCD",IFERROR(SEARCH("acd",_xlpm.txt),0)>0,"ACD",IFERROR(SEARCH("actual completion",_xlpm.txt),0)>0,"actual completion",IFERROR(SEARCH("delay",_xlpm.txt),0)>0,"delay",IFERROR(SEARCH("task ",_xlpm.txt),0)>0,"task",IFERROR(SEARCH("tasks",_xlpm.txt),0)>0,"tasks",TRUE,"(no match)"))} -> (no match) | T47: Removed
A48: =raw!A69 -> 48 | B48: =raw!B69 -> Active Streamer > Edit Streamer | C48: =raw!C69 -> System | D48: =raw!D69 -> Must | E48: =raw!E69 -> Bug | F48: =_xlfn.TEXTJOIN(CHAR(10),TRUE,raw!F69:F70) -> Module still in the streamer after remove it in the edit mode and save if the module already removed in the admin setting. | G48: =raw!G69 -> 46100 | H48: =raw!H69 -> Ray | I48: =raw!I69 -> N/A | J48: =raw!J69 -> Bug | K48: =raw!K69 -> P3 | L48: =raw!L69 -> 0 | M48: =_xlfn.TEXTJOIN(CHAR(10),TRUE,raw!M69:M70) -> Not clear, please provide steps and additional details @Ray | N48: =raw!N69 -> 0 | O48: =_xlfn.TEXTJOIN(CHAR(10),TRUE,raw!O69:O70) -> Removed | P48: =raw!P69 -> 0 | Q48: =raw!Q69 -> Closed | R48: {=_xlfn.LET(_xlpm.txt,LOWER(B48&" "&C48&" "&F48&" "&M48&" "&O48),_xlfn.IFS(OR(IFERROR(SEARCH("diw",_xlpm.txt),0)>0,IFERROR(SEARCH("cost review",_xlpm.txt),0)>0,IFERROR(SEARCH("re-induction",_xlpm.txt),0)>0,IFERROR(SEARCH("second induction",_xlpm.txt),0)>0,IFERROR(SEARCH("quotation",_xlpm.txt),0)>0),"DIW/Cost Review",OR(IFERROR(SEARCH("swap",_xlpm.txt),0)>0,IFERROR(SEARCH("off-module",_xlpm.txt),0)>0,IFERROR(SEARCH("off module",_xlpm.txt),0)>0,IFERROR(SEARCH("dispatch module",_xlpm.txt),0)>0),"Swap Module",OR(IFERROR(SEARCH("notif",_xlpm.txt),0)>0,IFERROR(SEARCH("line manager",_xlpm.txt),0)>0,IFERROR(SEARCH("reject reason",_xlpm.txt),0)>0,IFERROR(SEARCH("approval",_xlpm.txt),0)>0,IFERROR(SEARCH("approve",_xlpm.txt),0)>0),"Notification",IFERROR(SEARCH("calendar",_xlpm.txt),0)>0,"Task Owner View",OR(IFERROR(SEARCH("task owner",_xlpm.txt),0)>0,IFERROR(SEARCH("pcd",_xlpm.txt),0)>0,IFERROR(SEARCH("acd",_xlpm.txt),0)>0,IFERROR(SEARCH("actual completion",_xlpm.txt),0)>0,IFERROR(SEARCH("delay",_xlpm.txt),0)>0,IFERROR(SEARCH("task ",_xlpm.txt),0)>0,IFERROR(SEARCH("tasks",_xlpm.txt),0)>0),"Task Owner Action",TRUE,"Other / General"))} -> Other / General | S48: {=_xlfn.LET(_xlpm.txt,LOWER(B48&" "&C48&" "&F48&" "&M48&" "&O48),_xlfn.IFS(IFERROR(SEARCH("diw",_xlpm.txt),0)>0,"diw",IFERROR(SEARCH("cost review",_xlpm.txt),0)>0,"cost review",IFERROR(SEARCH("re-induction",_xlpm.txt),0)>0,"re-induction",IFERROR(SEARCH("second induction",_xlpm.txt),0)>0,"second induction",IFERROR(SEARCH("quotation",_xlpm.txt),0)>0,"quotation",IFERROR(SEARCH("swap",_xlpm.txt),0)>0,"swap",IFERROR(SEARCH("off-module",_xlpm.txt),0)>0,"off-module",IFERROR(SEARCH("off module",_xlpm.txt),0)>0,"off module",IFERROR(SEARCH("dispatch module",_xlpm.txt),0)>0,"dispatch module",IFERROR(SEARCH("notif",_xlpm.txt),0)>0,"notification",IFERROR(SEARCH("line manager",_xlpm.txt),0)>0,"line manager",IFERROR(SEARCH("reject reason",_xlpm.txt),0)>0,"reject reason",IFERROR(SEARCH("approval",_xlpm.txt),0)>0,"approval",IFERROR(SEARCH("approve",_xlpm.txt),0)>0,"approve",IFERROR(SEARCH("calendar",_xlpm.txt),0)>0,"calendar",IFERROR(SEARCH("task owner",_xlpm.txt),0)>0,"task owner",IFERROR(SEARCH("pcd",_xlpm.txt),0)>0,"PCD",IFERROR(SEARCH("acd",_xlpm.txt),0)>0,"ACD",IFERROR(SEARCH("actual completion",_xlpm.txt),0)>0,"actual completion",IFERROR(SEARCH("delay",_xlpm.txt),0)>0,"delay",IFERROR(SEARCH("task ",_xlpm.txt),0)>0,"task",IFERROR(SEARCH("tasks",_xlpm.txt),0)>0,"tasks",TRUE,"(no match)"))} -> (no match) | T48: Removed
A49: =raw!A74 -> 52 | B49: =raw!B74 -> Planner > Streamers | C49: =raw!C74 -> System | D49: =raw!D74 -> Should | E49: =raw!E74 -> Rework | F49: =raw!F74 -> the user just want to cancel one of the filter fields but only one button to "Clear All" | G49: =raw!G74 -> 46100 | H49: =raw!H74 -> Chris | ... Q49: =raw!Q74 -> Not yet fix | R49: {=_xlfn.LET(_xlpm.txt,LOWER(B49&" "&C49&" "&F49&" "&M49&" "&O49),_xlfn.IFS(OR(IFERROR(SEARCH("diw",_xlpm.txt),0)>0,IFERROR(SEARCH("cost review",_xlpm.txt),0)>0,IFERROR(SEARCH("re-induction",_xlpm.txt),0)>0,IFERROR(SEARCH("second induction",_xlpm.txt),0)>0,IFERROR(SEARCH("quotation",_xlpm.txt),0)>0),"DIW/Cost Review",OR(IFERROR(SEARCH("swap",_xlpm.txt),0)>0,IFERROR(SEARCH("off-module",_xlpm.txt),0)>0,IFERROR(SEARCH("off module",_xlpm.txt),0)>0,IFERROR(SEARCH("dispatch module",_xlpm.txt),0)>0),"Swap Module",OR(IFERROR(SEARCH("notif",_xlpm.txt),0)>0,IFERROR(SEARCH("line manager",_xlpm.txt),0)>0,IFERROR(SEARCH("reject reason",_xlpm.txt),0)>0,IFERROR(SEARCH("approval",_xlpm.txt),0)>0,IFERROR(SEARCH("approve",_xlpm.txt),0)>0),"Notification",IFERROR(SEARCH("calendar",_xlpm.txt),0)>0,"Task Owner View",OR(IFERROR(SEARCH("task owner",_xlpm.txt),0)>0,IFERROR(SEARCH("pcd",_xlpm.txt),0)>0,IFERROR(SEARCH("acd",_xlpm.txt),0)>0,IFERROR(SEARCH("actual completion",_xlpm.txt),0)>0,IFERROR(SEARCH("delay",_xlpm.txt),0)>0,IFERROR(SEARCH("task ",_xlpm.txt),0)>0,IFERROR(SEARCH("tasks",_xlpm.txt),0)>0),"Task Owner Action",TRUE,"Other / General"))} -> Other / General | S49: {=_xlfn.LET(_xlpm.txt,LOWER(B49&" "&C49&" "&F49&" "&M49&" "&O49),_xlfn.IFS(IFERROR(SEARCH("diw",_xlpm.txt),0)>0,"diw",IFERROR(SEARCH("cost review",_xlpm.txt),0)>0,"cost review",IFERROR(SEARCH("re-induction",_xlpm.txt),0)>0,"re-induction",IFERROR(SEARCH("second induction",_xlpm.txt),0)>0,"second induction",IFERROR(SEARCH("quotation",_xlpm.txt),0)>0,"quotation",IFERROR(SEARCH("swap",_xlpm.txt),0)>0,"swap",IFERROR(SEARCH("off-module",_xlpm.txt),0)>0,"off-module",IFERROR(SEARCH("off module",_xlpm.txt),0)>0,"off module",IFERROR(SEARCH("dispatch module",_xlpm.txt),0)>0,"dispatch module",IFERROR(SEARCH("notif",_xlpm.txt),0)>0,"notification",IFERROR(SEARCH("line manager",_xlpm.txt),0)>0,"line manager",IFERROR(SEARCH("reject reason",_xlpm.txt),0)>0,"reject reason",IFERROR(SEARCH("approval",_xlpm.txt),0)>0,"approval",IFERROR(SEARCH("approve",_xlpm.txt),0)>0,"approve",IFERROR(SEARCH("calendar",_xlpm.txt),0)>0,"calendar",IFERROR(SEARCH("task owner",_xlpm.txt),0)>0,"task owner",IFERROR(SEARCH("pcd",_xlpm.txt),0)>0,"PCD",IFERROR(SEARCH("acd",_xlpm.txt),0)>0,"ACD",IFERROR(SEARCH("actual completion",_xlpm.txt),0)>0,"actual completion",IFERROR(SEARCH("delay",_xlpm.txt),0)>0,"delay",IFERROR(SEARCH("task ",_xlpm.txt),0)>0,"task",IFERROR(SEARCH("tasks",_xlpm.txt),0)>0,"tasks",TRUE,"(no match)"))} -> (no match) | T49: low
A50: =raw!A75 -> 53 | B50: =raw!B75 -> Edit Streamer | C50: =raw!C75 -> System | D50: =raw!D75 -> Must | E50: =raw!E75 -> Bug | F50: =raw!F75 -> Engine/Module Set multiple sales order for each module, when user edit the streamer all sales order in module become the same sales order | G50: =raw!G75 -> 46100 | H50: =raw!H75 -> Ray | ... Q50: =raw!Q75 -> Fixed | R50: {=_xlfn.LET(_xlpm.txt,LOWER(B50&" "&C50&" "&F50&" "&M50&" "&O50),_xlfn.IFS(OR(IFERROR(SEARCH("diw",_xlpm.txt),0)>0,IFERROR(SEARCH("cost review",_xlpm.txt),0)>0,IFERROR(SEARCH("re-induction",_xlpm.txt),0)>0,IFERROR(SEARCH("second induction",_xlpm.txt),0)>0,IFERROR(SEARCH("quotation",_xlpm.txt),0)>0),"DIW/Cost Review",OR(IFERROR(SEARCH("swap",_xlpm.txt),0)>0,IFERROR(SEARCH("off-module",_xlpm.txt),0)>0,IFERROR(SEARCH("off module",_xlpm.txt),0)>0,IFERROR(SEARCH("dispatch module",_xlpm.txt),0)>0),"Swap Module",OR(IFERROR(SEARCH("notif",_xlpm.txt),0)>0,IFERROR(SEARCH("line manager",_xlpm.txt),0)>0,IFERROR(SEARCH("reject reason",_xlpm.txt),0)>0,IFERROR(SEARCH("approval",_xlpm.txt),0)>0,IFERROR(SEARCH("approve",_xlpm.txt),0)>0),"Notification",IFERROR(SEARCH("calendar",_xlpm.txt),0)>0,"Task Owner View",OR(IFERROR(SEARCH("task owner",_xlpm.txt),0)>0,IFERROR(SEARCH("pcd",_xlpm.txt),0)>0,IFERROR(SEARCH("acd",_xlpm.txt),0)>0,IFERROR(SEARCH("actual completion",_xlpm.txt),0)>0,IFERROR(SEARCH("delay",_xlpm.txt),0)>0,IFERROR(SEARCH("task ",_xlpm.txt),0)>0,IFERROR(SEARCH("tasks",_xlpm.txt),0)>0),"Task Owner Action",TRUE,"Other / General"))} -> Other / General | S50: {=_xlfn.LET(_xlpm.txt,LOWER(B50&" "&C50&" "&F50&" "&M50&" "&O50),_xlfn.IFS(IFERROR(SEARCH("diw",_xlpm.txt),0)>0,"diw",IFERROR(SEARCH("cost review",_xlpm.txt),0)>0,"cost review",IFERROR(SEARCH("re-induction",_xlpm.txt),0)>0,"re-induction",IFERROR(SEARCH("second induction",_xlpm.txt),0)>0,"second induction",IFERROR(SEARCH("quotation",_xlpm.txt),0)>0,"quotation",IFERROR(SEARCH("swap",_xlpm.txt),0)>0,"swap",IFERROR(SEARCH("off-module",_xlpm.txt),0)>0,"off-module",IFERROR(SEARCH("off module",_xlpm.txt),0)>0,"off module",IFERROR(SEARCH("dispatch module",_xlpm.txt),0)>0,"dispatch module",IFERROR(SEARCH("notif",_xlpm.txt),0)>0,"notification",IFERROR(SEARCH("line manager",_xlpm.txt),0)>0,"line manager",IFERROR(SEARCH("reject reason",_xlpm.txt),0)>0,"reject reason",IFERROR(SEARCH("approval",_xlpm.txt),0)>0,"approval",IFERROR(SEARCH("approve",_xlpm.txt),0)>0,"approve",IFERROR(SEARCH("calendar",_xlpm.txt),0)>0,"calendar",IFERROR(SEARCH("task owner",_xlpm.txt),0)>0,"task owner",IFERROR(SEARCH("pcd",_xlpm.txt),0)>0,"PCD",IFERROR(SEARCH("acd",_xlpm.txt),0)>0,"ACD",IFERROR(SEARCH("actual completion",_xlpm.txt),0)>0,"actual completion",IFERROR(SEARCH("delay",_xlpm.txt),0)>0,"delay",IFERROR(SEARCH("task ",_xlpm.txt),0)>0,"task",IFERROR(SEARCH("tasks",_xlpm.txt),0)>0,"tasks",TRUE,"(no match)"))} -> (no match) | T50: high
A51: =raw!A76 -> 54 | B51: =raw!B76 -> Planner > Streamers | C51: =raw!C76 -> System | D51: =raw!D76 -> Must | E51: =raw!E76 -> Rework | F51: =raw!F76 -> Inconsistent positions on the TRT indication even it can be blocked by the icon | G51: =raw!G76 -> 46100 | H51: =raw!H76 -> Chris | ... Q51: =raw!Q76 -> Not yet fix | R51: {=_xlfn.LET(_xlpm.txt,LOWER(B51&" "&C51&" "&F51&" "&M51&" "&O51),_xlfn.IFS(OR(IFERROR(SEARCH("diw",_xlpm.txt),0)>0,IFERROR(SEARCH("cost review",_xlpm.txt),0)>0,IFERROR(SEARCH("re-induction",_xlpm.txt),0)>0,IFERROR(SEARCH("second induction",_xlpm.txt),0)>0,IFERROR(SEARCH("quotation",_xlpm.txt),0)>0),"DIW/Cost Review",OR(IFERROR(SEARCH("swap",_xlpm.txt),0)>0,IFERROR(SEARCH("off-module",_xlpm.txt),0)>0,IFERROR(SEARCH("off module",_xlpm.txt),0)>0,IFERROR(SEARCH("dispatch module",_xlpm.txt),0)>0),"Swap Module",OR(IFERROR(SEARCH("notif",_xlpm.txt),0)>0,IFERROR(SEARCH("line manager",_xlpm.txt),0)>0,IFERROR(SEARCH("reject reason",_xlpm.txt),0)>0,IFERROR(SEARCH("approval",_xlpm.txt),0)>0,IFERROR(SEARCH("approve",_xlpm.txt),0)>0),"Notification",IFERROR(SEARCH("calendar",_xlpm.txt),0)>0,"Task Owner View",OR(IFERROR(SEARCH("task owner",_xlpm.txt),0)>0,IFERROR(SEARCH("pcd",_xlpm.txt),0)>0,IFERROR(SEARCH("acd",_xlpm.txt),0)>0,IFERROR(SEARCH("actual completion",_xlpm.txt),0)>0,IFERROR(SEARCH("delay",_xlpm.txt),0)>0,IFERROR(SEARCH("task ",_xlpm.txt),0)>0,IFERROR(SEARCH("tasks",_xlpm.txt),0)>0),"Task Owner Action",TRUE,"Other / General"))} -> Other / General | S51: {=_xlfn.LET(_xlpm.txt,LOWER(B51&" "&C51&" "&F51&" "&M51&" "&O51),_xlfn.IFS(IFERROR(SEARCH("diw",_xlpm.txt),0)>0,"diw",IFERROR(SEARCH("cost review",_xlpm.txt),0)>0,"cost review",IFERROR(SEARCH("re-induction",_xlpm.txt),0)>0,"re-induction",IFERROR(SEARCH("second induction",_xlpm.txt),0)>0,"second induction",IFERROR(SEARCH("quotation",_xlpm.txt),0)>0,"quotation",IFERROR(SEARCH("swap",_xlpm.txt),0)>0,"swap",IFERROR(SEARCH("off-module",_xlpm.txt),0)>0,"off-module",IFERROR(SEARCH("off module",_xlpm.txt),0)>0,"off module",IFERROR(SEARCH("dispatch module",_xlpm.txt),0)>0,"dispatch module",IFERROR(SEARCH("notif",_xlpm.txt),0)>0,"notification",IFERROR(SEARCH("line manager",_xlpm.txt),0)>0,"line manager",IFERROR(SEARCH("reject reason",_xlpm.txt),0)>0,"reject reason",IFERROR(SEARCH("approval",_xlpm.txt),0)>0,"approval",IFERROR(SEARCH("approve",_xlpm.txt),0)>0,"approve",IFERROR(SEARCH("calendar",_xlpm.txt),0)>0,"calendar",IFERROR(SEARCH("task owner",_xlpm.txt),0)>0,"task owner",IFERROR(SEARCH("pcd",_xlpm.txt),0)>0,"PCD",IFERROR(SEARCH("acd",_xlpm.txt),0)>0,"ACD",IFERROR(SEARCH("actual completion",_xlpm.txt),0)>0,"actual completion",IFERROR(SEARCH("delay",_xlpm.txt),0)>0,"delay",IFERROR(SEARCH("task ",_xlpm.txt),0)>0,"task",IFERROR(SEARCH("tasks",_xlpm.txt),0)>0,"tasks",TRUE,"(no match)"))} -> (no match) | T51: low
A52: =raw!A86 -> 58 | B52: =raw!B86 -> Admin - Template Management | C52: =raw!C86 -> Gantt View | D52: =raw!D86 -> Should | E52: =raw!E86 -> Rework | F52: =raw!F86 -> Vertical Scroll Bar is visible all the time but not the horizontal one. Ensure the Horizontal Scroll Bar is visible all the time. | G52: =raw!G86 -> 46101 | H52: =raw!H86 -> Eugene | ... Q52: =raw!Q86 -> Not yet fix | R52: {=_xlfn.LET(_xlpm.txt,LOWER(B52&" "&C52&" "&F52&" "&M52&" "&O52),_xlfn.IFS(OR(IFERROR(SEARCH("diw",_xlpm.txt),0)>0,IFERROR(SEARCH("cost review",_xlpm.txt),0)>0,IFERROR(SEARCH("re-induction",_xlpm.txt),0)>0,IFERROR(SEARCH("second induction",_xlpm.txt),0)>0,IFERROR(SEARCH("quotation",_xlpm.txt),0)>0),"DIW/Cost Review",OR(IFERROR(SEARCH("swap",_xlpm.txt),0)>0,IFERROR(SEARCH("off-module",_xlpm.txt),0)>0,IFERROR(SEARCH("off module",_xlpm.txt),0)>0,IFERROR(SEARCH("dispatch module",_xlpm.txt),0)>0),"Swap Module",OR(IFERROR(SEARCH("notif",_xlpm.txt),0)>0,IFERROR(SEARCH("line manager",_xlpm.txt),0)>0,IFERROR(SEARCH("reject reason",_xlpm.txt),0)>0,IFERROR(SEARCH("approval",_xlpm.txt),0)>0,IFERROR(SEARCH("approve",_xlpm.txt),0)>0),"Notification",IFERROR(SEARCH("calendar",_xlpm.txt),0)>0,"Task Owner View",OR(IFERROR(SEARCH("task owner",_xlpm.txt),0)>0,IFERROR(SEARCH("pcd",_xlpm.txt),0)>0,IFERROR(SEARCH("acd",_xlpm.txt),0)>0,IFERROR(SEARCH("actual completion",_xlpm.txt),0)>0,IFERROR(SEARCH("delay",_xlpm.txt),0)>0,IFERROR(SEARCH("task ",_xlpm.txt),0)>0,IFERROR(SEARCH("tasks",_xlpm.txt),0)>0),"Task Owner Action",TRUE,"Other / General"))} -> Other / General | S52: {=_xlfn.LET(_xlpm.txt,LOWER(B52&" "&C52&" "&F52&" "&M52&" "&O52),_xlfn.IFS(IFERROR(SEARCH("diw",_xlpm.txt),0)>0,"diw",IFERROR(SEARCH("cost review",_xlpm.txt),0)>0,"cost review",IFERROR(SEARCH("re-induction",_xlpm.txt),0)>0,"re-induction",IFERROR(SEARCH("second induction",_xlpm.txt),0)>0,"second induction",IFERROR(SEARCH("quotation",_xlpm.txt),0)>0,"quotation",IFERROR(SEARCH("swap",_xlpm.txt),0)>0,"swap",IFERROR(SEARCH("off-module",_xlpm.txt),0)>0,"off-module",IFERROR(SEARCH("off module",_xlpm.txt),0)>0,"off module",IFERROR(SEARCH("dispatch module",_xlpm.txt),0)>0,"dispatch module",IFERROR(SEARCH("notif",_xlpm.txt),0)>0,"notification",IFERROR(SEARCH("line manager",_xlpm.txt),0)>0,"line manager",IFERROR(SEARCH("reject reason",_xlpm.txt),0)>0,"reject reason",IFERROR(SEARCH("approval",_xlpm.txt),0)>0,"approval",IFERROR(SEARCH("approve",_xlpm.txt),0)>0,"approve",IFERROR(SEARCH("calendar",_xlpm.txt),0)>0,"calendar",IFERROR(SEARCH("task owner",_xlpm.txt),0)>0,"task owner",IFERROR(SEARCH("pcd",_xlpm.txt),0)>0,"PCD",IFERROR(SEARCH("acd",_xlpm.txt),0)>0,"ACD",IFERROR(SEARCH("actual completion",_xlpm.txt),0)>0,"actual completion",IFERROR(SEARCH("delay",_xlpm.txt),0)>0,"delay",IFERROR(SEARCH("task ",_xlpm.txt),0)>0,"task",IFERROR(SEARCH("tasks",_xlpm.txt),0)>0,"tasks",TRUE,"(no match)"))} -> (no match) | T52: medium
A53: =raw!A88 -> 60 | B53: =raw!B88 -> Admin - Template Management | C53: =raw!C88 -> Gantt View | D53: =raw!D88 -> Should | E53: =raw!E88 -> Rework | F53: =raw!F88 -> Put a space before and after hypen (-) | G53: =raw!G88 -> 46101 | H53: =raw!H88 -> Eugene | ... Q53: =raw!Q88 -> Not yet fix | R53: {=_xlfn.LET(_xlpm.txt,LOWER(B53&" "&C53&" "&F53&" "&M53&" "&O53),_xlfn.IFS(OR(IFERROR(SEARCH("diw",_xlpm.txt),0)>0,IFERROR(SEARCH("cost review",_xlpm.txt),0)>0,IFERROR(SEARCH("re-induction",_xlpm.txt),0)>0,IFERROR(SEARCH("second induction",_xlpm.txt),0)>0,IFERROR(SEARCH("quotation",_xlpm.txt),0)>0),"DIW/Cost Review",OR(IFERROR(SEARCH("swap",_xlpm.txt),0)>0,IFERROR(SEARCH("off-module",_xlpm.txt),0)>0,IFERROR(SEARCH("off module",_xlpm.txt),0)>0,IFERROR(SEARCH("dispatch module",_xlpm.txt),0)>0),"Swap Module",OR(IFERROR(SEARCH("notif",_xlpm.txt),0)>0,IFERROR(SEARCH("line manager",_xlpm.txt),0)>0,IFERROR(SEARCH("reject reason",_xlpm.txt),0)>0,IFERROR(SEARCH("approval",_xlpm.txt),0)>0,IFERROR(SEARCH("approve",_xlpm.txt),0)>0),"Notification",IFERROR(SEARCH("calendar",_xlpm.txt),0)>0,"Task Owner View",OR(IFERROR(SEARCH("task owner",_xlpm.txt),0)>0,IFERROR(SEARCH("pcd",_xlpm.txt),0)>0,IFERROR(SEARCH("acd",_xlpm.txt),0)>0,IFERROR(SEARCH("actual completion",_xlpm.txt),0)>0,IFERROR(SEARCH("delay",_xlpm.txt),0)>0,IFERROR(SEARCH("task ",_xlpm.txt),0)>0,IFERROR(SEARCH("tasks",_xlpm.txt),0)>0),"Task Owner Action",TRUE,"Other / General"))} -> Other / General | S53: {=_xlfn.LET(_xlpm.txt,LOWER(B53&" "&C53&" "&F53&" "&M53&" "&O53),_xlfn.IFS(IFERROR(SEARCH("diw",_xlpm.txt),0)>0,"diw",IFERROR(SEARCH("cost review",_xlpm.txt),0)>0,"cost review",IFERROR(SEARCH("re-induction",_xlpm.txt),0)>0,"re-induction",IFERROR(SEARCH("second induction",_xlpm.txt),0)>0,"second induction",IFERROR(SEARCH("quotation",_xlpm.txt),0)>0,"quotation",IFERROR(SEARCH("swap",_xlpm.txt),0)>0,"swap",IFERROR(SEARCH("off-module",_xlpm.txt),0)>0,"off-module",IFERROR(SEARCH("off module",_xlpm.txt),0)>0,"off module",IFERROR(SEARCH("dispatch module",_xlpm.txt),0)>0,"dispatch module",IFERROR(SEARCH("notif",_xlpm.txt),0)>0,"notification",IFERROR(SEARCH("line manager",_xlpm.txt),0)>0,"line manager",IFERROR(SEARCH("reject reason",_xlpm.txt),0)>0,"reject reason",IFERROR(SEARCH("approval",_xlpm.txt),0)>0,"approval",IFERROR(SEARCH("approve",_xlpm.txt),0)>0,"approve",IFERROR(SEARCH("calendar",_xlpm.txt),0)>0,"calendar",IFERROR(SEARCH("task owner",_xlpm.txt),0)>0,"task owner",IFERROR(SEARCH("pcd",_xlpm.txt),0)>0,"PCD",IFERROR(SEARCH("acd",_xlpm.txt),0)>0,"ACD",IFERROR(SEARCH("actual completion",_xlpm.txt),0)>0,"actual completion",IFERROR(SEARCH("delay",_xlpm.txt),0)>0,"delay",IFERROR(SEARCH("task ",_xlpm.txt),0)>0,"task",IFERROR(SEARCH("tasks",_xlpm.txt),0)>0,"tasks",TRUE,"(no match)"))} -> (no match) | T53: medium
A54: =raw!A100 -> 66 | B54: =raw!B100 -> Test Plan | C54: =raw!C100 -> System | D54: =raw!D100 -> Must | E54: =raw!E100 -> Bug | F54: =raw!F100 -> Fail to upload test plan. When click the preview button, system error prompt | G54: =raw!G100 -> 46113 | H54: =raw!H100 -> Ray | ... Q54: =raw!Q100 -> Not yet fix | R54: {=_xlfn.LET(_xlpm.txt,LOWER(B54&" "&C54&" "&F54&" "&M54&" "&O54),_xlfn.IFS(OR(IFERROR(SEARCH("diw",_xlpm.txt),0)>0,IFERROR(SEARCH("cost review",_xlpm.txt),0)>0,IFERROR(SEARCH("re-induction",_xlpm.txt),0)>0,IFERROR(SEARCH("second induction",_xlpm.txt),0)>0,IFERROR(SEARCH("quotation",_xlpm.txt),0)>0),"DIW/Cost Review",OR(IFERROR(SEARCH("swap",_xlpm.txt),0)>0,IFERROR(SEARCH("off-module",_xlpm.txt),0)>0,IFERROR(SEARCH("off module",_xlpm.txt),0)>0,IFERROR(SEARCH("dispatch module",_xlpm.txt),0)>0),"Swap Module",OR(IFERROR(SEARCH("notif",_xlpm.txt),0)>0,IFERROR(SEARCH("line manager",_xlpm.txt),0)>0,IFERROR(SEARCH("reject reason",_xlpm.txt),0)>0,IFERROR(SEARCH("approval",_xlpm.txt),0)>0,IFERROR(SEARCH("approve",_xlpm.txt),0)>0),"Notification",IFERROR(SEARCH("calendar",_xlpm.txt),0)>0,"Task Owner View",OR(IFERROR(SEARCH("task owner",_xlpm.txt),0)>0,IFERROR(SEARCH("pcd",_xlpm.txt),0)>0,IFERROR(SEARCH("acd",_xlpm.txt),0)>0,IFERROR(SEARCH("actual completion",_xlpm.txt),0)>0,IFERROR(SEARCH("delay",_xlpm.txt),0)>0,IFERROR(SEARCH("task ",_xlpm.txt),0)>0,IFERROR(SEARCH("tasks",_xlpm.txt),0)>0),"Task Owner Action",TRUE,"Other / General"))} -> Other / General | S54: {=_xlfn.LET(_xlpm.txt,LOWER(B54&" "&C54&" "&F54&" "&M54&" "&O54),_xlfn.IFS(IFERROR(SEARCH("diw",_xlpm.txt),0)>0,"diw",IFERROR(SEARCH("cost review",_xlpm.txt),0)>0,"cost review",IFERROR(SEARCH("re-induction",_xlpm.txt),0)>0,"re-induction",IFERROR(SEARCH("second induction",_xlpm.txt),0)>0,"second induction",IFERROR(SEARCH("quotation",_xlpm.txt),0)>0,"quotation",IFERROR(SEARCH("swap",_xlpm.txt),0)>0,"swap",IFERROR(SEARCH("off-module",_xlpm.txt),0)>0,"off-module",IFERROR(SEARCH("off module",_xlpm.txt),0)>0,"off module",IFERROR(SEARCH("dispatch module",_xlpm.txt),0)>0,"dispatch module",IFERROR(SEARCH("notif",_xlpm.txt),0)>0,"notification",IFERROR(SEARCH("line manager",_xlpm.txt),0)>0,"line manager",IFERROR(SEARCH("reject reason",_xlpm.txt),0)>0,"reject reason",IFERROR(SEARCH("approval",_xlpm.txt),0)>0,"approval",IFERROR(SEARCH("approve",_xlpm.txt),0)>0,"approve",IFERROR(SEARCH("calendar",_xlpm.txt),0)>0,"calendar",IFERROR(SEARCH("task owner",_xlpm.txt),0)>0,"task owner",IFERROR(SEARCH("pcd",_xlpm.txt),0)>0,"PCD",IFERROR(SEARCH("acd",_xlpm.txt),0)>0,"ACD",IFERROR(SEARCH("actual completion",_xlpm.txt),0)>0,"actual completion",IFERROR(SEARCH("delay",_xlpm.txt),0)>0,"delay",IFERROR(SEARCH("task ",_xlpm.txt),0)>0,"task",IFERROR(SEARCH("tasks",_xlpm.txt),0)>0,"tasks",TRUE,"(no match)"))} -> (no match) | T54: High
A55: =raw!A111 -> 76 | B55: =raw!B111 -> Test Slot | C55: =raw!C111 -> System | D55: =raw!D111 -> Must | E55: =raw!E111 -> Bug | F55: =raw!F111 -> F01. Test Plan Upload fails intermittently | G55: =raw!G111 -> 46114 | H55: =raw!H111 -> Praveen on Ray's Behalf | ... Q55: =raw!Q111 -> 0 | R55: {=_xlfn.LET(_xlpm.txt,LOWER(B55&" "&C55&" "&F55&" "&M55&" "&O55),_xlfn.IFS(OR(IFERROR(SEARCH("diw",_xlpm.txt),0)>0,IFERROR(SEARCH("cost review",_xlpm.txt),0)>0,IFERROR(SEARCH("re-induction",_xlpm.txt),0)>0,IFERROR(SEARCH("second induction",_xlpm.txt),0)>0,IFERROR(SEARCH("quotation",_xlpm.txt),0)>0),"DIW/Cost Review",OR(IFERROR(SEARCH("swap",_xlpm.txt),0)>0,IFERROR(SEARCH("off-module",_xlpm.txt),0)>0,IFERROR(SEARCH("off module",_xlpm.txt),0)>0,IFERROR(SEARCH("dispatch module",_xlpm.txt),0)>0),"Swap Module",OR(IFERROR(SEARCH("notif",_xlpm.txt),0)>0,IFERROR(SEARCH("line manager",_xlpm.txt),0)>0,IFERROR(SEARCH("reject reason",_xlpm.txt),0)>0,IFERROR(SEARCH("approval",_xlpm.txt),0)>0,IFERROR(SEARCH("approve",_xlpm.txt),0)>0),"Notification",IFERROR(SEARCH("calendar",_xlpm.txt),0)>0,"Task Owner View",OR(IFERROR(SEARCH("task owner",_xlpm.txt),0)>0,IFERROR(SEARCH("pcd",_xlpm.txt),0)>0,IFERROR(SEARCH("acd",_xlpm.txt),0)>0,IFERROR(SEARCH("actual completion",_xlpm.txt),0)>0,IFERROR(SEARCH("delay",_xlpm.txt),0)>0,IFERROR(SEARCH("task ",_xlpm.txt),0)>0,IFERROR(SEARCH("tasks",_xlpm.txt),0)>0),"Task Owner Action",TRUE,"Other / General"))} -> Other / General | S55: {=_xlfn.LET(_xlpm.txt,LOWER(B55&" "&C55&" "&F55&" "&M55&" "&O55),_xlfn.IFS(IFERROR(SEARCH("diw",_xlpm.txt),0)>0,"diw",IFERROR(SEARCH("cost review",_xlpm.txt),0)>0,"cost review",IFERROR(SEARCH("re-induction",_xlpm.txt),0)>0,"re-induction",IFERROR(SEARCH("second induction",_xlpm.txt),0)>0,"second induction",IFERROR(SEARCH("quotation",_xlpm.txt),0)>0,"quotation",IFERROR(SEARCH("swap",_xlpm.txt),0)>0,"swap",IFERROR(SEARCH("off-module",_xlpm.txt),0)>0,"off-module",IFERROR(SEARCH("off module",_xlpm.txt),0)>0,"off module",IFERROR(SEARCH("dispatch module",_xlpm.txt),0)>0,"dispatch module",IFERROR(SEARCH("notif",_xlpm.txt),0)>0,"notification",IFERROR(SEARCH("line manager",_xlpm.txt),0)>0,"line manager",IFERROR(SEARCH("reject reason",_xlpm.txt),0)>0,"reject reason",IFERROR(SEARCH("approval",_xlpm.txt),0)>0,"approval",IFERROR(SEARCH("approve",_xlpm.txt),0)>0,"approve",IFERROR(SEARCH("calendar",_xlpm.txt),0)>0,"calendar",IFERROR(SEARCH("task owner",_xlpm.txt),0)>0,"task owner",IFERROR(SEARCH("pcd",_xlpm.txt),0)>0,"PCD",IFERROR(SEARCH("acd",_xlpm.txt),0)>0,"ACD",IFERROR(SEARCH("actual completion",_xlpm.txt),0)>0,"actual completion",IFERROR(SEARCH("delay",_xlpm.txt),0)>0,"delay",IFERROR(SEARCH("task ",_xlpm.txt),0)>0,"task",IFERROR(SEARCH("tasks",_xlpm.txt),0)>0,"tasks",TRUE,"(no match)"))} -> (no match) | T55: High
A56: =raw!A121 -> 84 | B56: =raw!B121 -> Streamers->create streamer | C56: =raw!C121 -> System | D56: =raw!D121 -> Should | E56: =raw!E121 -> 0 | F56: =raw!F121 -> No error message is shown when mandatory input data is missing. | G56: =raw!G121 -> 46118 | H56: =raw!H121 -> Edmond | ... Q56: =raw!Q121 -> Closed | R56: {=_xlfn.LET(_xlpm.txt,LOWER(B56&" "&C56&" "&F56&" "&M56&" "&O56),_xlfn.IFS(OR(IFERROR(SEARCH("diw",_xlpm.txt),0)>0,IFERROR(SEARCH("cost review",_xlpm.txt),0)>0,IFERROR(SEARCH("re-induction",_xlpm.txt),0)>0,IFERROR(SEARCH("second induction",_xlpm.txt),0)>0,IFERROR(SEARCH("quotation",_xlpm.txt),0)>0),"DIW/Cost Review",OR(IFERROR(SEARCH("swap",_xlpm.txt),0)>0,IFERROR(SEARCH("off-module",_xlpm.txt),0)>0,IFERROR(SEARCH("off module",_xlpm.txt),0)>0,IFERROR(SEARCH("dispatch module",_xlpm.txt),0)>0),"Swap Module",OR(IFERROR(SEARCH("notif",_xlpm.txt),0)>0,IFERROR(SEARCH("line manager",_xlpm.txt),0)>0,IFERROR(SEARCH("reject reason",_xlpm.txt),0)>0,IFERROR(SEARCH("approval",_xlpm.txt),0)>0,IFERROR(SEARCH("approve",_xlpm.txt),0)>0),"Notification",IFERROR(SEARCH("calendar",_xlpm.txt),0)>0,"Task Owner View",OR(IFERROR(SEARCH("task owner",_xlpm.txt),0)>0,IFERROR(SEARCH("pcd",_xlpm.txt),0)>0,IFERROR(SEARCH("acd",_xlpm.txt),0)>0,IFERROR(SEARCH("actual completion",_xlpm.txt),0)>0,IFERROR(SEARCH("delay",_xlpm.txt),0)>0,IFERROR(SEARCH("task ",_xlpm.txt),0)>0,IFERROR(SEARCH("tasks",_xlpm.txt),0)>0),"Task Owner Action",TRUE,"Other / General"))} -> Other / General | S56: {=_xlfn.LET(_xlpm.txt,LOWER(B56&" "&C56&" "&F56&" "&M56&" "&O56),_xlfn.IFS(IFERROR(SEARCH("diw",_xlpm.txt),0)>0,"diw",IFERROR(SEARCH("cost review",_xlpm.txt),0)>0,"cost review",IFERROR(SEARCH("re-induction",_xlpm.txt),0)>0,"re-induction",IFERROR(SEARCH("second induction",_xlpm.txt),0)>0,"second induction",IFERROR(SEARCH("quotation",_xlpm.txt),0)>0,"quotation",IFERROR(SEARCH("swap",_xlpm.txt),0)>0,"swap",IFERROR(SEARCH("off-module",_xlpm.txt),0)>0,"off-module",IFERROR(SEARCH("off module",_xlpm.txt),0)>0,"off module",IFERROR(SEARCH("dispatch module",_xlpm.txt),0)>0,"dispatch module",IFERROR(SEARCH("notif",_xlpm.txt),0)>0,"notification",IFERROR(SEARCH("line manager",_xlpm.txt),0)>0,"line manager",IFERROR(SEARCH("reject reason",_xlpm.txt),0)>0,"reject reason",IFERROR(SEARCH("approval",_xlpm.txt),0)>0,"approval",IFERROR(SEARCH("approve",_xlpm.txt),0)>0,"approve",IFERROR(SEARCH("calendar",_xlpm.txt),0)>0,"calendar",IFERROR(SEARCH("task owner",_xlpm.txt),0)>0,"task owner",IFERROR(SEARCH("pcd",_xlpm.txt),0)>0,"PCD",IFERROR(SEARCH("acd",_xlpm.txt),0)>0,"ACD",IFERROR(SEARCH("actual completion",_xlpm.txt),0)>0,"actual completion",IFERROR(SEARCH("delay",_xlpm.txt),0)>0,"delay",IFERROR(SEARCH("task ",_xlpm.txt),0)>0,"task",IFERROR(SEARCH("tasks",_xlpm.txt),0)>0,"tasks",TRUE,"(no match)"))} -> (no match) | T56: Removed
A57: =raw!A122 -> 85 | B57: =raw!B122 -> Streamers->create streamer | C57: =raw!C122 -> System | D57: =raw!D122 -> Should | E57: =raw!E122 -> 0 | F57: =raw!F122 -> Can't type induction date. | G57: =raw!G122 -> 46118 | H57: =raw!H122 -> Edmond | ... Q57: =raw!Q122 -> Closed | R57: {=_xlfn.LET(_xlpm.txt,LOWER(B57&" "&C57&" "&F57&" "&M57&" "&O57),_xlfn.IFS(OR(IFERROR(SEARCH("diw",_xlpm.txt),0)>0,IFERROR(SEARCH("cost review",_xlpm.txt),0)>0,IFERROR(SEARCH("re-induction",_xlpm.txt),0)>0,IFERROR(SEARCH("second induction",_xlpm.txt),0)>0,IFERROR(SEARCH("quotation",_xlpm.txt),0)>0),"DIW/Cost Review",OR(IFERROR(SEARCH("swap",_xlpm.txt),0)>0,IFERROR(SEARCH("off-module",_xlpm.txt),0)>0,IFERROR(SEARCH("off module",_xlpm.txt),0)>0,IFERROR(SEARCH("dispatch module",_xlpm.txt),0)>0),"Swap Module",OR(IFERROR(SEARCH("notif",_xlpm.txt),0)>0,IFERROR(SEARCH("line manager",_xlpm.txt),0)>0,IFERROR(SEARCH("reject reason",_xlpm.txt),0)>0,IFERROR(SEARCH("approval",_xlpm.txt),0)>0,IFERROR(SEARCH("approve",_xlpm.txt),0)>0),"Notification",IFERROR(SEARCH("calendar",_xlpm.txt),0)>0,"Task Owner View",OR(IFERROR(SEARCH("task owner",_xlpm.txt),0)>0,IFERROR(SEARCH("pcd",_xlpm.txt),0)>0,IFERROR(SEARCH("acd",_xlpm.txt),0)>0,IFERROR(SEARCH("actual completion",_xlpm.txt),0)>0,IFERROR(SEARCH("delay",_xlpm.txt),0)>0,IFERROR(SEARCH("task ",_xlpm.txt),0)>0,IFERROR(SEARCH("tasks",_xlpm.txt),0)>0),"Task Owner Action",TRUE,"Other / General"))} -> Other / General | S57: {=_xlfn.LET(_xlpm.txt,LOWER(B57&" "&C57&" "&F57&" "&M57&" "&O57),_xlfn.IFS(IFERROR(SEARCH("diw",_xlpm.txt),0)>0,"diw",IFERROR(SEARCH("cost review",_xlpm.txt),0)>0,"cost review",IFERROR(SEARCH("re-induction",_xlpm.txt),0)>0,"re-induction",IFERROR(SEARCH("second induction",_xlpm.txt),0)>0,"second induction",IFERROR(SEARCH("quotation",_xlpm.txt),0)>0,"quotation",IFERROR(SEARCH("swap",_xlpm.txt),0)>0,"swap",IFERROR(SEARCH("off-module",_xlpm.txt),0)>0,"off-module",IFERROR(SEARCH("off module",_xlpm.txt),0)>0,"off module",IFERROR(SEARCH("dispatch module",_xlpm.txt),0)>0,"dispatch module",IFERROR(SEARCH("notif",_xlpm.txt),0)>0,"notification",IFERROR(SEARCH("line manager",_xlpm.txt),0)>0,"line manager",IFERROR(SEARCH("reject reason",_xlpm.txt),0)>0,"reject reason",IFERROR(SEARCH("approval",_xlpm.txt),0)>0,"approval",IFERROR(SEARCH("approve",_xlpm.txt),0)>0,"approve",IFERROR(SEARCH("calendar",_xlpm.txt),0)>0,"calendar",IFERROR(SEARCH("task owner",_xlpm.txt),0)>0,"task owner",IFERROR(SEARCH("pcd",_xlpm.txt),0)>0,"PCD",IFERROR(SEARCH("acd",_xlpm.txt),0)>0,"ACD",IFERROR(SEARCH("actual completion",_xlpm.txt),0)>0,"actual completion",IFERROR(SEARCH("delay",_xlpm.txt),0)>0,"delay",IFERROR(SEARCH("task ",_xlpm.txt),0)>0,"task",IFERROR(SEARCH("tasks",_xlpm.txt),0)>0,"tasks",TRUE,"(no match)"))} -> (no match) | T57: Removed
A58: =raw!A123 -> 86 | B58: =raw!B123 -> Streamers->create streamer | C58: =raw!C123 -> System | D58: =raw!D123 -> Should | E58: =raw!E123 -> 0 | F58: =_xlfn.TEXTJOIN(CHAR(10),TRUE,raw!F123:F124) -> if create error template (engine template /module template ) can't change to Module template from Engine Template Ray: there are no input type template classification in system, issue closed | G58: =raw!G123 -> 46118 | H58: =raw!H123 -> Edmond | I58: =raw!I123 -> Refer to Screen Capture | J58: =raw!J123 -> None | K58: =raw!K123 -> 0 | L58: =raw!L123 -> 0 | M58: =_xlfn.TEXTJOIN(CHAR(10),TRUE,raw!M123:M124) -> Need more details from HAESL @Ray | N58: =raw!N123 -> 0 | O58: =_xlfn.TEXTJOIN(CHAR(10),TRUE,raw!O123:O124) -> Removed | P58: =raw!P123 -> 0 | Q58: =raw!Q123 -> Closed | R58: {=_xlfn.LET(_xlpm.txt,LOWER(B58&" "&C58&" "&F58&" "&M58&" "&O58),_xlfn.IFS(OR(IFERROR(SEARCH("diw",_xlpm.txt),0)>0,IFERROR(SEARCH("cost review",_xlpm.txt),0)>0,IFERROR(SEARCH("re-induction",_xlpm.txt),0)>0,IFERROR(SEARCH("second induction",_xlpm.txt),0)>0,IFERROR(SEARCH("quotation",_xlpm.txt),0)>0),"DIW/Cost Review",OR(IFERROR(SEARCH("swap",_xlpm.txt),0)>0,IFERROR(SEARCH("off-module",_xlpm.txt),0)>0,IFERROR(SEARCH("off module",_xlpm.txt),0)>0,IFERROR(SEARCH("dispatch module",_xlpm.txt),0)>0),"Swap Module",OR(IFERROR(SEARCH("notif",_xlpm.txt),0)>0,IFERROR(SEARCH("line manager",_xlpm.txt),0)>0,IFERROR(SEARCH("reject reason",_xlpm.txt),0)>0,IFERROR(SEARCH("approval",_xlpm.txt),0)>0,IFERROR(SEARCH("approve",_xlpm.txt),0)>0),"Notification",IFERROR(SEARCH("calendar",_xlpm.txt),0)>0,"Task Owner View",OR(IFERROR(SEARCH("task owner",_xlpm.txt),0)>0,IFERROR(SEARCH("pcd",_xlpm.txt),0)>0,IFERROR(SEARCH("acd",_xlpm.txt),0)>0,IFERROR(SEARCH("actual completion",_xlpm.txt),0)>0,IFERROR(SEARCH("delay",_xlpm.txt),0)>0,IFERROR(SEARCH("task ",_xlpm.txt),0)>0,IFERROR(SEARCH("tasks",_xlpm.txt),0)>0),"Task Owner Action",TRUE,"Other / General"))} -> Other / General | S58: {=_xlfn.LET(_xlpm.txt,LOWER(B58&" "&C58&" "&F58&" "&M58&" "&O58),_xlfn.IFS(IFERROR(SEARCH("diw",_xlpm.txt),0)>0,"diw",IFERROR(SEARCH("cost review",_xlpm.txt),0)>0,"cost review",IFERROR(SEARCH("re-induction",_xlpm.txt),0)>0,"re-induction",IFERROR(SEARCH("second induction",_xlpm.txt),0)>0,"second induction",IFERROR(SEARCH("quotation",_xlpm.txt),0)>0,"quotation",IFERROR(SEARCH("swap",_xlpm.txt),0)>0,"swap",IFERROR(SEARCH("off-module",_xlpm.txt),0)>0,"off-module",IFERROR(SEARCH("off module",_xlpm.txt),0)>0,"off module",IFERROR(SEARCH("dispatch module",_xlpm.txt),0)>0,"dispatch module",IFERROR(SEARCH("notif",_xlpm.txt),0)>0,"notification",IFERROR(SEARCH("line manager",_xlpm.txt),0)>0,"line manager",IFERROR(SEARCH("reject reason",_xlpm.txt),0)>0,"reject reason",IFERROR(SEARCH("approval",_xlpm.txt),0)>0,"approval",IFERROR(SEARCH("approve",_xlpm.txt),0)>0,"approve",IFERROR(SEARCH("calendar",_xlpm.txt),0)>0,"calendar",IFERROR(SEARCH("task owner",_xlpm.txt),0)>0,"task owner",IFERROR(SEARCH("pcd",_xlpm.txt),0)>0,"PCD",IFERROR(SEARCH("acd",_xlpm.txt),0)>0,"ACD",IFERROR(SEARCH("actual completion",_xlpm.txt),0)>0,"actual completion",IFERROR(SEARCH("delay",_xlpm.txt),0)>0,"delay",IFERROR(SEARCH("task ",_xlpm.txt),0)>0,"task",IFERROR(SEARCH("tasks",_xlpm.txt),0)>0,"tasks",TRUE,"(no match)"))} -> (no match) | T58: Removed
A59: =raw!A125 -> 87 | B59: =raw!B125 -> Streamers->create streamer | C59: =raw!C125 -> System | D59: =raw!D125 -> Should | E59: =raw!E125 -> 0 | F59: =_xlfn.TEXTJOIN(CHAR(10),TRUE,raw!F125:F126) -> When creating a TRT, if “Engine” is selected as the input type, it should accept numbers only. There should be validation to check whether any incorrect (non‑numeric) input is entered. For system flexibity, this validation is not necessary at this moment, issue closed | G59: =raw!G125 -> 46118 | H59: =raw!H125 -> Edmond | I59: =raw!I125 -> Refer to Screen Capture | J59: =raw!J125 -> Bug | K59: =raw!K125 -> P4 | L59: =raw!L125 -> 0 | M59: =_xlfn.TEXTJOIN(CHAR(10),TRUE,raw!M125:M126) -> Engine validation required @Ray | N59: =raw!N125 -> 0 | O59: =_xlfn.TEXTJOIN(CHAR(10),TRUE,raw!O125:O126) -> Removed | P59: =raw!P125 -> 0 | Q59: =raw!Q125 -> Closed | R59: {=_xlfn.LET(_xlpm.txt,LOWER(B59&" "&C59&" "&F59&" "&M59&" "&O59),_xlfn.IFS(OR(IFERROR(SEARCH("diw",_xlpm.txt),0)>0,IFERROR(SEARCH("cost review",_xlpm.txt),0)>0,IFERROR(SEARCH("re-induction",_xlpm.txt),0)>0,IFERROR(SEARCH("second induction",_xlpm.txt),0)>0,IFERROR(SEARCH("quotation",_xlpm.txt),0)>0),"DIW/Cost Review",OR(IFERROR(SEARCH("swap",_xlpm.txt),0)>0,IFERROR(SEARCH("off-module",_xlpm.txt),0)>0,IFERROR(SEARCH("off module",_xlpm.txt),0)>0,IFERROR(SEARCH("dispatch module",_xlpm.txt),0)>0),"Swap Module",OR(IFERROR(SEARCH("notif",_xlpm.txt),0)>0,IFERROR(SEARCH("line manager",_xlpm.txt),0)>0,IFERROR(SEARCH("reject reason",_xlpm.txt),0)>0,IFERROR(SEARCH("approval",_xlpm.txt),0)>0,IFERROR(SEARCH("approve",_xlpm.txt),0)>0),"Notification",IFERROR(SEARCH("calendar",_xlpm.txt),0)>0,"Task Owner View",OR(IFERROR(SEARCH("task owner",_xlpm.txt),0)>0,IFERROR(SEARCH("pcd",_xlpm.txt),0)>0,IFERROR(SEARCH("acd",_xlpm.txt),0)>0,IFERROR(SEARCH("actual completion",_xlpm.txt),0)>0,IFERROR(SEARCH("delay",_xlpm.txt),0)>0,IFERROR(SEARCH("task ",_xlpm.txt),0)>0,IFERROR(SEARCH("tasks",_xlpm.txt),0)>0),"Task Owner Action",TRUE,"Other / General"))} -> Other / General | S59: {=_xlfn.LET(_xlpm.txt,LOWER(B59&" "&C59&" "&F59&" "&M59&" "&O59),_xlfn.IFS(IFERROR(SEARCH("diw",_xlpm.txt),0)>0,"diw",IFERROR(SEARCH("cost review",_xlpm.txt),0)>0,"cost review",IFERROR(SEARCH("re-induction",_xlpm.txt),0)>0,"re-induction",IFERROR(SEARCH("second induction",_xlpm.txt),0)>0,"second induction",IFERROR(SEARCH("quotation",_xlpm.txt),0)>0,"quotation",IFERROR(SEARCH("swap",_xlpm.txt),0)>0,"swap",IFERROR(SEARCH("off-module",_xlpm.txt),0)>0,"off-module",IFERROR(SEARCH("off module",_xlpm.txt),0)>0,"off module",IFERROR(SEARCH("dispatch module",_xlpm.txt),0)>0,"dispatch module",IFERROR(SEARCH("notif",_xlpm.txt),0)>0,"notification",IFERROR(SEARCH("line manager",_xlpm.txt),0)>0,"line manager",IFERROR(SEARCH("reject reason",_xlpm.txt),0)>0,"reject reason",IFERROR(SEARCH("approval",_xlpm.txt),0)>0,"approval",IFERROR(SEARCH("approve",_xlpm.txt),0)>0,"approve",IFERROR(SEARCH("calendar",_xlpm.txt),0)>0,"calendar",IFERROR(SEARCH("task owner",_xlpm.txt),0)>0,"task owner",IFERROR(SEARCH("pcd",_xlpm.txt),0)>0,"PCD",IFERROR(SEARCH("acd",_xlpm.txt),0)>0,"ACD",IFERROR(SEARCH("actual completion",_xlpm.txt),0)>0,"actual completion",IFERROR(SEARCH("delay",_xlpm.txt),0)>0,"delay",IFERROR(SEARCH("task ",_xlpm.txt),0)>0,"task",IFERROR(SEARCH("tasks",_xlpm.txt),0)>0,"tasks",TRUE,"(no match)"))} -> (no match) | T59: Removed
